subtype	n	median_residual	definition	model_r2	rank_negative
BCL11B	18	-1.76050535718213	primary	0.255563035926495	1
ETP-like	235	-0.234648438944318	primary	0.255563035926495	9
HOXA9 TCR	21	-0.125593470282379	primary	0.255563035926495	11
KMT2A	39	-0.236933830063778	primary	0.255563035926495	8
LMO2 γδ-like	10	-1.49898332662488	primary	0.255563035926495	3
MLLT10	31	-0.75400493088778	primary	0.255563035926495	6
NKX2-1	77	-0.0308102994498821	primary	0.255563035926495	12
NKX2-5	8	0.177514151091113	primary	0.255563035926495	14
NUP214	5	0.357247600910204	primary	0.255563035926495	16
NUP98	6	-0.911387419482606	primary	0.255563035926495	5
SPI1	11	-1.68497142337755	primary	0.255563035926495	2
STAG2&LMO2	8	-0.229661704782086	primary	0.255563035926495	10
TAL1 DP-like	296	0.203714700417163	primary	0.255563035926495	15
TAL1 αβ-like	219	0.17646778880947	primary	0.255563035926495	13
TLX1	71	-0.437317935998832	primary	0.255563035926495	7
TLX3	212	0.635290286757794	primary	0.255563035926495	17
TME-enriched	42	-1.21000057716613	primary	0.255563035926495	4
BCL11B	18	-1.8009055282477	minus_CD34	0.299845363161853	1
ETP-like	235	-0.0695043439298504	minus_CD34	0.299845363161853	10
HOXA9 TCR	21	0.106042154869447	minus_CD34	0.299845363161853	13
KMT2A	39	-0.407762031399641	minus_CD34	0.299845363161853	6
LMO2 γδ-like	10	-1.00912391546932	minus_CD34	0.299845363161853	4
MLLT10	31	-0.66382475419621	minus_CD34	0.299845363161853	5
NKX2-1	77	0.240911781898901	minus_CD34	0.299845363161853	15
NKX2-5	8	0.185657753627253	minus_CD34	0.299845363161853	14
NUP214	5	0.457656538572319	minus_CD34	0.299845363161853	16
NUP98	6	-0.238465207087796	minus_CD34	0.299845363161853	8
SPI1	11	-1.749219182494	minus_CD34	0.299845363161853	2
STAG2&LMO2	8	-0.00102930529478756	minus_CD34	0.299845363161853	11
TAL1 DP-like	296	0.0629337586031813	minus_CD34	0.299845363161853	12
TAL1 αβ-like	219	-0.0937011870024489	minus_CD34	0.299845363161853	9
TLX1	71	-0.287722379271962	minus_CD34	0.299845363161853	7
TLX3	212	0.635155718668315	minus_CD34	0.299845363161853	17
TME-enriched	42	-1.06433793085629	minus_CD34	0.299845363161853	3
BCL11B	18	-2.02664345492076	minus_LYL1	0.168144267991281	1
ETP-like	235	-0.580626103774969	minus_LYL1	0.168144267991281	7
HOXA9 TCR	21	0.0538500491886087	minus_LYL1	0.168144267991281	13
KMT2A	39	-0.299284814110929	minus_LYL1	0.168144267991281	9
LMO2 γδ-like	10	-1.88381896054924	minus_LYL1	0.168144267991281	2
MLLT10	31	-0.505787335868687	minus_LYL1	0.168144267991281	8
NKX2-1	77	-0.00495107603979098	minus_LYL1	0.168144267991281	12
NKX2-5	8	-0.058950678544137	minus_LYL1	0.168144267991281	11
NUP214	5	0.538136747924397	minus_LYL1	0.168144267991281	16
NUP98	6	-0.987848514637332	minus_LYL1	0.168144267991281	5
SPI1	11	-1.27220422408591	minus_LYL1	0.168144267991281	4
STAG2&LMO2	8	-0.727603995957169	minus_LYL1	0.168144267991281	6
TAL1 DP-like	296	0.421284154781827	minus_LYL1	0.168144267991281	15
TAL1 αβ-like	219	0.252524331451385	minus_LYL1	0.168144267991281	14
TLX1	71	-0.0630819455807069	minus_LYL1	0.168144267991281	10
TLX3	212	0.561162223106036	minus_LYL1	0.168144267991281	17
TME-enriched	42	-1.4115858910599	minus_LYL1	0.168144267991281	3
BCL11B	18	-2.11021589396552	minus_CD1A	0.216833740184354	2
ETP-like	235	-0.537498709509397	minus_CD1A	0.216833740184354	7
HOXA9 TCR	21	0.146518608051398	minus_CD1A	0.216833740184354	11
KMT2A	39	0.612121516537617	minus_CD1A	0.216833740184354	16
LMO2 γδ-like	10	-2.32126681397622	minus_CD1A	0.216833740184354	1
MLLT10	31	-0.651458314057518	minus_CD1A	0.216833740184354	6
NKX2-1	77	0.505591995470118	minus_CD1A	0.216833740184354	15
NKX2-5	8	0.00975247107090217	minus_CD1A	0.216833740184354	8
NUP214	5	0.351083609742688	minus_CD1A	0.216833740184354	14
NUP98	6	-0.777478841997359	minus_CD1A	0.216833740184354	5
SPI1	11	-1.70898751001903	minus_CD1A	0.216833740184354	3
STAG2&LMO2	8	0.164487864383895	minus_CD1A	0.216833740184354	12
TAL1 DP-like	296	0.0818567437041429	minus_CD1A	0.216833740184354	10
TAL1 αβ-like	219	0.193895015281252	minus_CD1A	0.216833740184354	13
TLX1	71	0.0646422734336955	minus_CD1A	0.216833740184354	9
TLX3	212	0.736538138735076	minus_CD1A	0.216833740184354	17
TME-enriched	42	-1.31606657138773	minus_CD1A	0.216833740184354	4
BCL11B	18	-1.39286620069405	expanded	0.414612037706318	2
ETP-like	235	0.239077835222666	expanded	0.414612037706318	14
HOXA9 TCR	21	0.0902770148069209	expanded	0.414612037706318	12
KMT2A	39	0.352887362381727	expanded	0.414612037706318	15
LMO2 γδ-like	10	-1.23213744842941	expanded	0.414612037706318	3
MLLT10	31	-0.717633110029242	expanded	0.414612037706318	5
NKX2-1	77	0.197172972197218	expanded	0.414612037706318	13
NKX2-5	8	0.0320023487485031	expanded	0.414612037706318	11
NUP214	5	0.758633206156204	expanded	0.414612037706318	17
NUP98	6	-0.180252162381324	expanded	0.414612037706318	9
SPI1	11	-1.71024521014477	expanded	0.414612037706318	1
STAG2&LMO2	8	-0.277712626673185	expanded	0.414612037706318	6
TAL1 DP-like	296	-0.226198436685737	expanded	0.414612037706318	7
TAL1 αβ-like	219	-0.0897731270652115	expanded	0.414612037706318	10
TLX1	71	-0.201653777380175	expanded	0.414612037706318	8
TLX3	212	0.535707696192255	expanded	0.414612037706318	16
TME-enriched	42	-0.734162995820168	expanded	0.414612037706318	4
