subtype	n	median_crossfit	mean_crossfit	n_out_of_training_range	median_primary
BCL11B	18	-2.2204895619786	-2.12965620400299	0	-1.76050535718214
SPI1	11	-1.71322925637424	-1.8602133565277	0	-1.68497142337755
LMO2 γδ-like	10	-1.51821810539972	-1.46440548080054	0	-1.49898332662488
TME-enriched	42	-1.28516562180366	-1.28424103213625	0	-1.21000057716613
NUP98	6	-0.916409850591537	-0.763432873934735	0	-0.911387419482603
MLLT10	31	-0.812342776203351	-0.858454891925837	0	-0.754004930887779
TLX1	71	-0.511732875799489	-0.309580170152099	1	-0.437317935998828
KMT2A	39	-0.258376130512992	-0.519925586133254	0	-0.236933830063777
STAG2&LMO2	8	-0.229556927442268	0.123902561158839	0	-0.229661704782082
ETP-like	235	-0.179396362415096	-0.166558742773906	1	-0.234648438944316
HOXA9 TCR	21	-0.127331993617579	0.12180856577861	0	-0.125593470282379
NKX2-1	77	-0.0355764098373775	0.132980820869395	0	-0.0308102994498819
NKX2-5	8	0.174851550210476	-0.149701830914793	0	0.177514151091115
TAL1 αβ-like	219	0.233215521120099	0.209856879408596	0	0.176467788809472
TAL1 DP-like	296	0.30590132229003	0.317665747971241	0	0.203714700417164
NUP214	5	0.357062896773658	0.0590766579756636	0	0.357247600910211
TLX3	212	0.784552883126613	0.857906539521793	0	0.635290286757797
