gene_id	symbol	AveExpr	beta_R	t	P.Value	adj.P.Val	partial_R2	side	rank
ENSG00000169684.13	CHRNA5	2.54039666952421	0.462477453088575	18.6040747674377	1.22119945213274e-68	3.30551553926731e-65	0.211804137726028	ZEB1-side50	1
ENSG00000163519.13	TRAT1	5.5035686453474	0.332906751779758	15.7633966444792	2.43517772439102e-51	7.32387216591231e-49	0.161722845670365	ZEB1-side50	2
ENSG00000100852.13	ARHGAP5	6.94736285652564	0.380670196767184	15.6565111122409	1.00311578494663e-50	2.7457195097848297e-48	0.159886588455919	ZEB1-side50	3
ENSG00000163006.12	CCDC138	4.55266090214682	0.391905050678461	15.568482368624	3.20323134365156e-50	7.8822140164339e-48	0.15837766862923	ZEB1-side50	4
ENSG00000111670.16	GNPTAB	6.96366168728414	0.285319921386142	15.067581246362	2.17681041777401e-47	3.76094174378671e-45	0.149852942990009	ZEB1-side50	5
ENSG00000144736.14	SHQ1	4.92106602323239	0.283711978685103	14.4325403520661	6.847613816010761e-44	8.382649254866229e-42	0.139209028045797	ZEB1-side50	6
ENSG00000111860.14	CEP85L	6.68051320847418	0.279912961136736	14.3502442557881	1.9098460870108997e-43	2.24762128143346e-41	0.137844194652198	ZEB1-side50	7
ENSG00000143641.10	GALNT2	7.53464298029112	0.259073358810391	14.2943224934949	3.82521309218783e-43	4.37493033515436e-41	0.136918762302905	ZEB1-side50	8
ENSG00000152495.11	CAMK4	7.1132064943869	0.401481898613932	13.3179264252384	5.13647391033388e-38	3.5516258265367695e-36	0.121039401313907	ZEB1-side50	9
ENSG00000078687.17	TNRC6C	6.85228322069122	0.256356873431451	13.3148416811508	5.32648425321269e-38	3.66549386702018e-36	0.120990119946572	ZEB1-side50	10
ENSG00000136531.16	SCN2A	2.70924146067232	1.27511589134052	13.1419203978529	4.04003017716452e-37	2.61058820015663e-35	0.118237065030541	ZEB1-side50	11
ENSG00000229589.1	ACVR2B-AS1	1.2502892118919	0.395503195309409	13.1393259617908	4.16409914081934e-37	2.68364071876984e-35	0.118195902978429	ZEB1-side50	12
ENSG00000174348.13	PODN	-0.706653176721973	0.848666059456306	12.8117546060374	1.82947079952098e-35	1.0340542493533799e-33	0.113033823675374	ZEB1-side50	13
ENSG00000196549.10	MME	3.91256276397211	0.905517935634991	12.8112463192101	1.8401366978248802e-35	1.03767523369704e-33	0.113025868660492	ZEB1-side50	14
ENSG00000160062.15	ZBTB8A	3.92471116623796	0.400398114474309	12.796574317195	2.17616265286409e-35	1.2243302167764899e-33	0.112796317007748	ZEB1-side50	15
ENSG00000076067.13	RBMS2	5.48567542434249	0.268029137471411	12.694294612793	6.97750673645772e-35	3.8026631231956695e-33	0.111200123416711	ZEB1-side50	16
ENSG00000247287.3	AL359220.1	1.84861038635044	0.345329533389749	12.5590511510138	3.22111119983561e-34	1.6519892618778002e-32	0.109100448467973	ZEB1-side50	17
ENSG00000115850.10	LCT	1.25744138433096	0.386692819691789	12.4770735422204	8.09104920605005e-34	3.94212099417171e-32	0.107833902533077	ZEB1-side50	18
ENSG00000211957.2	IGHV3-35	-0.130524020909058	0.553935549465806	12.3228281600185	4.51988244112617e-33	2.0775255877032903e-31	0.105463675407182	ZEB1-side50	19
ENSG00000107863.18	ARHGAP21	6.04711703138783	0.279174571139785	12.2988372342618	5.8977215597890006e-33	2.67052778658029e-31	0.105096542988691	ZEB1-side50	20
ENSG00000164930.12	FZD6	3.94676985969372	0.530666209318326	12.2158811573469	1.47539166958626e-32	6.51123486644762e-31	0.103830274774471	ZEB1-side50	21
ENSG00000231527.7	FAM27C	2.3274084305366	0.445342390359425	12.1909747784814	1.9411445222372e-32	8.52040030742711e-31	0.103451072591838	ZEB1-side50	22
ENSG00000185304.15	RGPD2	6.33773847274	0.486895000780219	12.1765720218178	2.27443274389506e-32	9.89418858464779e-31	0.103231996154911	ZEB1-side50	23
ENSG00000111266.8	DUSP16	4.3239362725991	0.4300850863227	12.1344268377455	3.61305155044249e-32	1.53073997948399e-30	0.102591811843106	ZEB1-side50	24
ENSG00000089123.16	TASP1	4.99083595963524	0.399294263264389	11.9107067170692	4.1275228127775995e-31	1.59604100384246e-29	0.0992156189560945	ZEB1-side50	25
ENSG00000167286.9	CD3D	7.26063886136341	0.251219733075695	11.8490628129144	8.024806032397561e-31	3.02151931615513e-29	0.098291977796486	ZEB1-side50	26
ENSG00000002586.20_PAR_Y	CD99.1	8.749811951438	0.257427535155283	11.8369689818643	9.139956477453121e-31	3.42025314511882e-29	0.0981111108059863	ZEB1-side50	27
ENSG00000105270.15	CLIP3	4.36512369301548	0.411396693276777	11.6235963991273	8.92106675464078e-30	2.99347255109923e-28	0.0949386792082262	ZEB1-side50	28
ENSG00000169242.12	EFNA1	1.93094845652475	0.504614961470174	11.4912389397066	3.60570330537314e-29	1.13486483491208e-27	0.0929887716087754	ZEB1-side50	29
ENSG00000163155.12	LYSMD1	1.94224843875551	0.259174545032748	11.4870366839808	3.7684028263263397e-29	1.1814937098087e-27	0.0929270923837714	ZEB1-side50	30
ENSG00000172986.12	GXYLT2	5.39509916933807	0.47087960831665	11.3261746282	2.0214011964146e-28	5.9616651992562e-27	0.0905767429940382	ZEB1-side50	31
ENSG00000166086.12	JAM3	4.31209590652279	0.469719960976392	11.1495665865467	1.2502804657533999e-27	3.4969095782111004e-26	0.0880207500641085	ZEB1-side50	32
ENSG00000139629.16	GALNT6	6.38120018126363	0.257208730010458	11.1318960047414	1.49842007558212e-27	4.16225900356398e-26	0.0877664364058017	ZEB1-side50	33
ENSG00000236283.5	AC019197.1	1.21302801591545	0.755545771888949	11.074317618728	2.69854989590115e-27	7.36163202844881e-26	0.0869395921841438	ZEB1-side50	34
ENSG00000153165.18	RGPD3	3.7019429667561	0.395656304862724	11.0722119719376	2.75710709810647e-27	7.51296264171943e-26	0.0869094073551135	ZEB1-side50	35
ENSG00000187627.15	RGPD1	4.36867102790622	0.42236922349334	11.0151497622863	4.92674720157939e-27	1.3131344483334302e-25	0.086092839058165	ZEB1-side50	36
ENSG00000137269.15	LRRC1	3.02965237287029	0.383148028649123	10.9776923178188	7.20237123103172e-27	1.9030039648499301e-25	0.0855583218032621	ZEB1-side50	37
ENSG00000218418.2	AL591135.1	1.01109356139293	0.273890858216354	10.9724715897578	7.59319768469513e-27	2.00409413647733e-25	0.0854839171090501	ZEB1-side50	38
ENSG00000216809.1	AL589993.1	1.75172933247423	0.314606780076656	10.9579787660527	8.79195578855466e-27	2.30798313539849e-25	0.0852774906274476	ZEB1-side50	39
ENSG00000254682.1	AP002387.2	2.18270889135469	0.267051851165904	10.8819370825041	1.89225813022609e-26	4.82189333791189e-25	0.0841973555235679	ZEB1-side50	40
ENSG00000155016.18	CYP2U1	3.62721432115749	0.309745809135177	10.8628914021826	2.29119640373471e-26	5.79603692537708e-25	0.0839276012676777	ZEB1-side50	41
ENSG00000111676.15	ATN1	6.07688357215499	0.273012933267384	10.8336116646657	3.07295281877476e-26	7.677969601863781e-25	0.083513509187886	ZEB1-side50	42
ENSG00000166963.13	MAP1A	7.65389549813411	0.262400580759502	10.8172587717065	3.6194230956143097e-26	8.997221023700031e-25	0.0832825604180583	ZEB1-side50	43
ENSG00000253325.1	IGHV7-34-1	-2.28805400915532	0.483392373301698	10.757026654805	6.60238809317953e-26	1.61163102543033e-24	0.0824339242715631	ZEB1-side50	44
ENSG00000230526.1	AC073370.1	-1.24296530976492	0.435353886021921	10.7553547832752	6.71321182748415e-26	1.63704257586928e-24	0.0824104137992714	ZEB1-side50	45
ENSG00000090975.12	PITPNM2	7.26077570207527	0.283923862665931	10.7301825545548	8.62314544216423e-26	2.07988560511448e-24	0.0820567290412721	ZEB1-side50	46
ENSG00000126947.12	ARMCX1	2.84976846269391	0.324219815499845	10.6000093283848	3.1234167418659704e-25	7.24662430939018e-24	0.0802366405025126	ZEB1-side50	47
ENSG00000237119.1	LINC01056	-2.39863077328805	0.510496287469447	10.5710317247968	4.152370402170931e-25	9.59733352630797e-24	0.0798335233013797	ZEB1-side50	48
ENSG00000286082.1	AL133493.1	-1.49710175738606	0.484238772147814	10.5655656153046	4.38119160491781e-25	1.00879214260305e-23	0.0797575665818048	ZEB1-side50	49
ENSG00000171970.13	ZNF57	2.6796498071569	0.399554868217237	10.5559085453406	4.81643506406241e-25	1.1048321525011701e-23	0.0796234379338571	ZEB1-side50	50
ENSG00000279166.1	AC009951.1	2.56100006540759	-0.817727901360671	-28.2200183306848	6.52338401628645e-137	5.29720526735848e-133	0.382067315597081	ZEB2-side50	1
ENSG00000136250.11	AOAH	3.48312335035294	-0.59639078598148	-20.1837958685371	5.690172630496589e-79	2.77236590903055e-75	0.240290829354193	ZEB2-side50	2
ENSG00000142347.18	MYO1F	5.04571179917813	-0.662804757212498	-19.5959892518167	4.49444412191231e-75	1.82481922089843e-71	0.229666359387307	ZEB2-side50	3
ENSG00000197442.10	MAP3K5	2.22233755155413	-0.664878633299851	-19.3724404575211	1.31457456666217e-73	4.5749072883510296e-70	0.225631803399585	ZEB2-side50	4
ENSG00000172164.15	SNTB1	2.78530327818936	-0.728744325288807	-18.7794703557004	9.176664121215319e-70	2.79440893321158e-66	0.214954151536528	ZEB2-side50	5
ENSG00000171777.16	RASGRP4	2.40688011265942	-0.690449916708741	-18.5076518436279	5.0371725624599e-68	1.22710560794086e-64	0.210074337429028	ZEB2-side50	6
ENSG00000083444.17	PLOD1	1.79911488859847	-0.589349230070309	-18.4025620784096	2.3485680437367e-67	5.2012241921336e-64	0.208190697256991	ZEB2-side50	7
ENSG00000245848.3	CEBPA	2.04395538674746	-0.940296305550923	-18.3199416952715	7.85077991366592e-67	1.59377374564013e-63	0.206711058748162	ZEB2-side50	8
ENSG00000173334.4	TRIB1	3.50737297244365	-0.783567231117002	-18.2049281651003	4.1900756123388e-66	7.85187938401426e-63	0.204653227911794	ZEB2-side50	9
ENSG00000105963.15	ADAP1	2.22392524602087	-0.50290186536227	-18.129528344482	1.25189940627415e-65	2.17839438830318e-62	0.203305440199929	ZEB2-side50	10
ENSG00000146192.15	FGD2	2.25591406535816	-0.741735079604074	-18.1225880934019	1.38441075363428e-65	2.24837535795231e-62	0.203181433833575	ZEB2-side50	11
ENSG00000166900.17	STX3	1.62400951195065	-0.732632900482171	-18.073189965578	2.83131722070903e-65	4.3108574258558e-62	0.202299061076126	ZEB2-side50	12
ENSG00000148180.19	GSN	3.21252213136137	-0.657872855553903	-18.043635432524	4.34162820095729e-65	6.2215532119718e-62	0.201771363358111	ZEB2-side50	13
ENSG00000025708.14	TYMP	3.34206188984993	-0.666571968345985	-18.0237613290792	5.78631859408875e-65	7.83113929281089e-62	0.201416603836374	ZEB2-side50	14
ENSG00000169252.5	ADRB2	0.381719451881351	-0.857938286283912	-17.9450849327522	1.80074896337303e-64	2.30884449982791e-61	0.200012955439232	ZEB2-side50	15
ENSG00000123384.13	LRP1	4.83049465332758	-0.713223650069283	-17.8231717571831	1.03972954303932e-63	1.26644256989904e-60	0.197840372782542	ZEB2-side50	16
ENSG00000134955.11	SLC37A2	0.505520210516809	-0.554216438308592	-17.6909991426237	6.90155912791579e-63	8.00613723405508e-60	0.195488464540981	ZEB2-side50	17
ENSG00000162104.10	ADCY9	0.300434543399822	-0.77004617430521	-17.6751168390329	8.65917282635775e-63	9.588459510131871e-60	0.195206105338994	ZEB2-side50	18
ENSG00000101160.14	CTSZ	3.31450659939586	-0.69950252359925	-17.4090831110118	3.80071322557465e-61	4.025616299488e-58	0.190485018613686	ZEB2-side50	19
ENSG00000126759.13	CFP	3.60904287733817	-0.501568130266582	-17.3749872719591	6.15542226622768e-61	6.2480100761488605e-58	0.189881154047962	ZEB2-side50	20
ENSG00000160883.11	HK3	1.97020163534802	-0.770216742381818	-17.3691994920219	6.68001269115549e-61	6.50927156676955e-58	0.189778676033488	ZEB2-side50	21
ENSG00000188906.16	LRRK2	1.80307790439722	-0.75038907530532	-17.3630649052658	7.284791399975971e-61	6.82556935749287e-58	0.189670066462269	ZEB2-side50	22
ENSG00000101307.15	SIRPB1	1.40335074182887	-0.766860170167333	-17.3125307896622	1.4865050148296e-60	1.34121291356533e-57	0.188775741097262	ZEB2-side50	23
ENSG00000286646.1	AL121933.1	-1.85789482487453	-0.796944427266379	-17.2758248162206	2.49348390653649e-60	2.1694200516834098e-57	0.188126538762542	ZEB2-side50	24
ENSG00000072210.18	ALDH3A2	0.641579458113606	-0.71767466108017	-17.2061665843309	6.64205726362576e-60	5.57955713790301e-57	0.186895466203556	ZEB2-side50	25
ENSG00000175048.17	ZDHHC14	0.759575077785627	-0.558942948968917	-17.1706824073687	1.09305437068268e-59	8.87596584140029e-57	0.186268834632218	ZEB2-side50	26
ENSG00000106348.18	IMPDH1	4.01083295435643	-0.352655995049863	-17.1121243515159	2.48341433932925e-59	1.9515631200129e-56	0.185235454210209	ZEB2-side50	27
ENSG00000139132.14	FGD4	0.883254399234701	-0.639972664805376	-17.0957243036272	3.12413808496478e-59	2.3783477464946e-56	0.184946204180543	ZEB2-side50	28
ENSG00000140749.9	IGSF6	1.25694034510863	-0.625210184405889	-17.0792674006044	3.9327542926487e-59	2.90320688858227e-56	0.184656023960338	ZEB2-side50	29
ENSG00000160593.18	JAML	2.1092444953902	-0.682948527886121	-17.051458203	5.8007677928765e-59	4.1562501235960095e-56	0.184165837997913	ZEB2-side50	30
ENSG00000165168.7	CYBB	4.47934630324248	-0.79329653827367	-17.0147124995576	9.68836001383834e-59	6.7433753799176e-56	0.183518453521229	ZEB2-side50	31
ENSG00000140678.16	ITGAX	3.74130099043825	-0.71388600256147	-17.0078133817168	1.06669788296667e-58	7.218285313041969e-56	0.183396946429473	ZEB2-side50	32
ENSG00000140090.17	SLC24A4	0.483576045397899	-0.837858266164772	-17.0033791614395	1.13473892287314e-58	7.37712888500122e-56	0.183318857982156	ZEB2-side50	33
ENSG00000176463.14	SLCO3A1	1.96086508433997	-0.689078404899012	-17.0023751464464	1.15073641324267e-58	7.37712888500122e-56	0.183301177618044	ZEB2-side50	34
ENSG00000104043.14	ATP8B4	1.28091369436465	-0.793026719076097	-16.9782400763176	1.61086853363659e-58	1.00621457302362e-55	0.182876251229804	ZEB2-side50	35
ENSG00000235568.6	NFAM1	2.45132227877111	-0.693151911093733	-16.9627202446725	1.9995363142334502e-58	1.21776760377603e-55	0.182603091866087	ZEB2-side50	36
ENSG00000143382.14	ADAMTSL4	0.602412388308398	-0.695394409913153	-16.9303621360358	3.1366662183824403e-58	1.86371526209792e-55	0.182033784648404	ZEB2-side50	37
ENSG00000163932.15	PRKCD	3.17708719990552	-0.480507104480371	-16.8655908828705	7.712073464111961e-58	4.4731862299817e-55	0.180895093281162	ZEB2-side50	38
ENSG00000187796.14	CARD9	1.54579182198948	-0.363587023524788	-16.8514101833729	9.38822326049515e-58	5.3187559732307495e-55	0.180645954198703	ZEB2-side50	39
ENSG00000267296.2	CEBPA-DT	-4.19219614851281	-0.731877925185569	-16.7776391902308	2.60724085395747e-57	1.44352260098313e-54	0.179350823796011	ZEB2-side50	40
ENSG00000083290.20	ULK2	0.982115889671464	-0.636317742216002	-16.7341147472843	4.75686747414195e-57	2.57515663416827e-54	0.178587456789815	ZEB2-side50	41
ENSG00000136040.9	PLXNC1	4.30422099548634	-0.458791184776865	-16.7255170072242	5.3561789051889e-57	2.83656248498493e-54	0.178436729479232	ZEB2-side50	42
ENSG00000169403.12	PTAFR	1.76675924906317	-0.707211599998338	-16.6434901898844	1.6583097943351299e-56	8.59533721272301e-54	0.176999837171042	ZEB2-side50	43
ENSG00000136869.16	TLR4	1.52392975393608	-0.791939909017946	-16.5882783347843	3.5412623332174897e-56	1.7972644104064801e-53	0.176033832488739	ZEB2-side50	44
ENSG00000131042.14	LILRB2	2.73912809638905	-0.771897136940006	-16.5249971038482	8.43221662902683e-56	4.19218835305556e-53	0.1749278136515	ZEB2-side50	45
ENSG00000121064.12	SCPEP1	2.81831327301099	-0.541452046847661	-16.492853213588	1.3091063841639e-55	6.37822812492335e-53	0.174366493511794	ZEB2-side50	46
ENSG00000196209.12	SIRPB2	-0.660048965845364	-0.893065094392352	-16.4913240812336	1.3367700131587798e-55	6.38530476285509e-53	0.174339798904814	ZEB2-side50	47
ENSG00000101439.9	CST3	4.33320065839283	-0.643437362451903	-16.4644688697656	1.9295913385547297e-55	9.0397643458715e-53	0.173871100316853	ZEB2-side50	48
ENSG00000135862.6	LAMC1	0.0247441414648674	-0.879792488120164	-16.3736562474415	6.656869104113149e-55	3.0597733631188803e-52	0.172287900154478	ZEB2-side50	49
ENSG00000143546.10	S100A8	4.82651710264329	-0.865297252556419	-16.3679405980335	7.19539012083554e-55	3.24605368025323e-52	0.172188345764494	ZEB2-side50	50
