accession	title_from_registry	source_url	registry_status	processing_code_text_matches	local_path_matches	qc_evidence	verification_scope
GSE107011	RNA-Seq profiling of 29 immune cell types and peripheral blood mononuclear cells	https://www.ncbi.nlm.nih.gov/geo/query/acc.cgi?acc=GSE107011&targ=self&form=text&view=brief	retrieved	data/analysis/scripts/download_revision_leftovers_hulu.py;data/analysis/scripts/_patch_depmap_status.py;data/analysis/scripts/_patch_leftover_status.py;data/analysis/total/code/fig1_disease_specificity.py;data/analysis/modules/module2/code/run_m1_m8_m2.sh;data/analysis/modules/module1/code/06_gse107011.R	data/analysis/total/data/reference_records/GSE107011.soft.txt;data/analysis/total/data/module_tables/module1/M1_r2_GSE107011_scores.tsv;data/analysis/modules/module1/code/06_gse107011.R;data/analysis/modules/module1/tables/M1_r2_GSE107011_sample_meta.tsv;data/analysis/modules/module1/tables/M1_r2_GSE107011_scores.tsv	metadata/qc_code_evidence.tsv; related original README/manifest	inherited registry plus inspected local index; upstream not rerun
GSE110635	Total RNA-seq in ALL-SIL upon TLX1 knockdown	https://www.ncbi.nlm.nih.gov/geo/query/acc.cgi?acc=GSE110635&targ=self&form=text&view=brief	retrieved	data/analysis/scripts/download_revision_on_hulu.py;data/analysis/scripts/download_revision_tier1.py;data/analysis/scripts/download_revision_tier1_hulu.sh;data/analysis/scripts/probe_revision_geo.py;data/analysis/total/code/fig6_mechanism.py;data/analysis/total/code/figS_all.py;data/analysis/total/code/hulu_fig467F_decoupler.py;data/analysis/total/code/hulu_fig467F_mtxdc.py;data/analysis/total/code/hulu_fig467F_pipeline.py;data/analysis/total/code/perturbation_unit_manifest.py;data/analysis/modules/module9/code/00_inspect_module9.py;data/analysis/modules/module9/code/01_prepare_module9.py;data/analysis/modules/module9/code/02_analyze_module9.R;data/analysis/modules/module9/code/03_volcano_from_tables.R;data/analysis/modules/module9/code/04_rebuild_qc_figures.py	data/analysis/total/data/reference_records/GSE110635.soft.txt;data/analysis/total/data/validation/regulon_coverage/gse110635_symbol_coldata.tsv;data/analysis/total/data/validation/regulon_coverage/gse110635_symbol_counts.tsv.gz;data/analysis/modules/module9/tables/M9_gse110635_combined_KD.tsv;data/analysis/modules/module9/tables/M9_gse110635_siTLX1_1.tsv;data/analysis/modules/module9/tables/M9_gse110635_siTLX1_2.tsv	metadata/qc_code_evidence.tsv; related original README/manifest	inherited registry plus inspected local index; upstream not rerun
GSE110636	Total RNA-seq in a primary T-ALL patient cohort	https://www.ncbi.nlm.nih.gov/geo/query/acc.cgi?acc=GSE110636&targ=self&form=text&view=brief	retrieved	data/analysis/scripts/download_revision_on_hulu.py;data/analysis/scripts/download_revision_tier1.py;data/analysis/scripts/download_revision_tier1_hulu.sh;data/analysis/scripts/probe_revision_geo.py;data/analysis/total/code/fig3_subtype.py;data/analysis/total/code/fig4_transcriptome.py;data/analysis/total/code/figS_all.py;data/analysis/modules/module9/code/00_inspect_module9.py;data/analysis/modules/module9/code/01_prepare_module9.py;data/analysis/modules/module9/code/02_analyze_module9.R;data/analysis/modules/module9/code/03_volcano_from_tables.R;data/analysis/modules/module3/code/01b_prepare_independent.py	data/analysis/total/data/reference_records/GSE110636.soft.txt;data/analysis/modules/module9/tables/M9_gse110636_TLX_vs_rest.tsv	metadata/qc_code_evidence.tsv; related original README/manifest	inherited registry plus inspected local index; upstream not rerun
GSE110637	T-ALL	https://www.ncbi.nlm.nih.gov/geo/query/acc.cgi?acc=GSE110637&targ=self&form=text&view=brief	retrieved	data/analysis/scripts/download_five_gse_full.py;data/analysis/scripts/download_five_gse_sra.py;data/analysis/scripts/download_five_gse_sra_parallel.py;data/analysis/scripts/download_geo_parallel.py;data/analysis/scripts/download_tall_datasets.py;data/analysis/scripts/finalize_target_stop_raw.sh;data/analysis/scripts/mark_three_raw_uploaded.py;data/analysis/scripts/probe_public_datasets.py;data/analysis/scripts/reclassify_tiny_geo.py;data/analysis/scripts/refine_three_gse_status.py;data/analysis/scripts/remaining_helper_urls.py;data/analysis/scripts/watch_five_gse.sh;data/analysis/modules/module6/code/01_prepare_module6.py;data/analysis/modules/module6/code/02_analyze_module6.R	data/analysis/total/data/reference_records/GSE110637.soft.txt	metadata/qc_code_evidence.tsv; related original README/manifest	inherited registry plus inspected local index; upstream not rerun
GSE13159	Microarray Innovations in LEukemia (MILE) study: Stage 1 data	https://www.ncbi.nlm.nih.gov/geo/query/acc.cgi?acc=GSE13159&targ=self&form=text&view=brief	retrieved	data/analysis/scripts/download_geo_parallel.py;data/analysis/scripts/download_tall_datasets.py;data/analysis/scripts/finalize_target_stop_raw.sh;data/analysis/scripts/fix_gse13159_matrix.sh;data/analysis/scripts/fix_skip_raw_restart_geo.sh;data/analysis/scripts/mark_gse13159_done_restart.sh;data/analysis/scripts/probe_public_datasets.py;data/analysis/total/code/fig1_disease_specificity.py;data/analysis/total/code/figS13_probe_annotation.py;data/analysis/total/code/figS_all.py;data/analysis/total/code/gate2_thymus_window.py;data/analysis/total/code/gate3_score_depmap.py;data/analysis/total/code/gse29959_notch_gate.py;data/analysis/total/code/_probe_gpl570_header.py;data/analysis/modules/module3/code/01b_prepare_independent.py;data/analysis/modules/module1/code/00_inspect_data.sh;data/analysis/modules/module1/code/00_inspect_labels.py;data/analysis/modules/module1/code/00_inspect_target_pharm.py;data/analysis/modules/module1/code/00_peek_gpl570.py;data/analysis/modules/module1/code/01_prepare_module1.py;data/analysis/modules/module1/code/02_analyze_module1.R;data/analysis/modules/module1/code/03_qa_module1.py;data/analysis/modules/module1/code/04_enrich_figures_code2.R	data/analysis/scripts/fix_gse13159_matrix.sh;data/analysis/scripts/mark_gse13159_done_restart.sh;data/analysis/total/data/probe_audit/gse13159_208078_by_geo_class.tsv;data/analysis/total/data/reference_records/GSE13159.soft.txt	metadata/qc_code_evidence.tsv; related original README/manifest	inherited registry plus inspected local index; upstream not rerun
GSE142522	Comprehensive RNA-seq transcriptomic profiling in normal thymocytes and adult T lymphoblastic Leukemia	https://www.ncbi.nlm.nih.gov/geo/query/acc.cgi?acc=GSE142522&targ=self&form=text&view=brief	retrieved	data/analysis/total/code/fig2_development.py;data/analysis/total/code/gate2_thymus_window.py;data/analysis/total/code/zeb_developmental_residual.R;data/analysis/total/code/zeb_dev_axis_round2.R;data/analysis/total/code/_probe_thymus_gate2.py;data/analysis/total/code/_probe_thymus_obs.py;data/analysis/total/rebuild_2026/code/revision3_expand_legends.py;data/analysis/scripts/hulu/_tmp_hulu_clean_extra_data.sh;data/analysis/scripts/hulu/_tmp_hulu_dup_detail.sh;data/analysis/scripts/hulu/_tmp_hulu_patch_status_sidecar.py;data/analysis/modules/module2/code/01_prepare_module2.py;data/analysis/modules/module2/code/02_analyze_module2.R;data/analysis/modules/module1/code/02_analyze_module1.R;data/analysis/modules/module1/code/05_fill_1.17.R	data/analysis/total/rebuild_2026/data/source_data_rebuilt/S2/S2C_GSE142522_CD8_recovery.tsv;data/analysis/total/rebuild_2026/data/source_data_rebuilt/Supplement_S1/source_S2_S2C_GSE142522_CD8_recovery.tsv;data/analysis/total/data/reference_records/GSE142522.soft.txt	metadata/qc_code_evidence.tsv; related original README/manifest	inherited registry plus inspected local index; upstream not rerun
GSE144035	Loss of Ikaros promotes oncogene independence in a model of Lmo2-induced T-cell acute lymphoblastic leukemia	https://www.ncbi.nlm.nih.gov/geo/query/acc.cgi?acc=GSE144035&targ=self&form=text&view=brief	retrieved	data/analysis/scripts/download_revision_on_hulu.py;data/analysis/total/code/figS_all.py;data/analysis/total/code/gse144035_paired_audit.py;data/analysis/total/code/perturbation_unit_manifest.py;data/analysis/modules/module9/code/00_inspect_module9.py;data/analysis/modules/module9/code/01_prepare_module9.py;data/analysis/modules/module9/code/02_analyze_module9.R;data/analysis/modules/module9/code/03_volcano_from_tables.R	data/analysis/total/code/gse144035_paired_audit.py;data/analysis/total/data/reference_records/GSE144035.soft.txt;data/analysis/total/data/validation/gse144035/audit.json;data/analysis/total/data/validation/gse144035/author_table_rows.tsv;data/analysis/total/data/validation/gse144035/GSE144035_All_counts_data.txt.gz;data/analysis/total/data/validation/gse144035/GSE144035_family.soft.gz;data/analysis/total/data/validation/gse144035/paired_model_changes.tsv;data/analysis/total/data/validation/gse144035/README.md;data/analysis/total/data/validation/gse144035/sample_manifest.tsv;data/analysis/total/data/validation/gse144035/withdrawn_mislabelled_F6E_row.tsv;data/analysis/modules/module9/tables/M9_gse144035_precomputed.tsv	metadata/qc_code_evidence.tsv; related original README/manifest	inherited registry plus inspected local index; upstream not rerun
GSE154675	PHF6 Interacts with LMO2 During Normal Haematopoiesis and in Leukaemia and Regulates the Level of Gene Expression and Genome Integrity	https://www.ncbi.nlm.nih.gov/geo/query/acc.cgi?acc=GSE154675&targ=self&form=text&view=brief	retrieved	data/analysis/scripts/download_revision_leftovers_hulu.py;data/analysis/scripts/download_revision_on_hulu.py;data/analysis/scripts/download_revision_tier1.py;data/analysis/scripts/download_revision_tier1_hulu.sh;data/analysis/scripts/probe_revision_geo.py;data/analysis/scripts/_patch_leftover_status.py;data/analysis/total/code/chromatin_window_audit.py;data/analysis/total/code/collect_source_data.py;data/analysis/total/code/fig6_mechanism.py;data/analysis/total/code/figS_all.py;data/analysis/modules/module9/code/00_inspect_module9.py;data/analysis/modules/module9/code/01_prepare_module9.py;data/analysis/modules/module9/code/02_analyze_module9.R;data/analysis/modules/module6/code/01c_chip_scatac.py;data/analysis/modules/module6/code/02c_analyze_r2.R	data/analysis/total/data/reference_records/GSE154675.soft.txt;data/analysis/total/data/module_tables/module6/M6_r2_GSE154675_occupancy.tsv;data/analysis/modules/module6/tables/M6_r2_GSE154675_cooccupancy_promoter.tsv;data/analysis/modules/module6/tables/M6_r2_GSE154675_occupancy.tsv;data/analysis/modules/module6/tables/M6_r2_GSE154675_promoter_signal.tsv	metadata/qc_code_evidence.tsv; related original README/manifest	inherited registry plus inspected local index; upstream not rerun
GSE186943	RNA-seq and anti-LMO2 ChIP-seq data in primary T cells in different stages from LMO2 over-expressing C57BL/6J transgenic mice	https://www.ncbi.nlm.nih.gov/geo/query/acc.cgi?acc=GSE186943&targ=self&form=text&view=brief	retrieved	data/analysis/scripts/download_revision_on_hulu.py;data/analysis/modules/module9/code/00_inspect_module9.py;data/analysis/modules/module9/code/01_prepare_module9.py;data/analysis/modules/module9/code/02_analyze_module9.R;data/analysis/modules/module9/code/03_volcano_from_tables.R	data/analysis/total/data/reference_records/GSE186943.soft.txt;data/analysis/modules/module9/tables/M9_gse186943_TG_vs_WT.tsv	metadata/qc_code_evidence.tsv; related original README/manifest	inherited registry plus inspected local index; upstream not rerun
GSE188225	RNA-seq profiling of thymocytes from wildtype and Lmo2-transgenic mice	https://www.ncbi.nlm.nih.gov/geo/query/acc.cgi?acc=GSE188225&targ=self&form=text&view=brief	retrieved	data/analysis/scripts/download_revision_on_hulu.py;data/analysis/total/code/figS_all.py;data/analysis/total/code/perturbation_unit_manifest.py;data/analysis/modules/module9/code/00_inspect_module9.py;data/analysis/modules/module9/code/01_prepare_module9.py;data/analysis/modules/module9/code/02_analyze_module9.R	data/analysis/total/data/reference_records/GSE188225.soft.txt;data/analysis/total/data/validation/perturbation_units/GSE188225_family.soft.gz;data/analysis/total/data/validation/perturbation_units/GSE188225_group_units.tsv;data/analysis/total/data/validation/perturbation_units/GSE188225_sample_manifest_corrected.csv;data/analysis/total/data/validation/perturbation_units/GSE188225_shared_mice.tsv;data/analysis/total/data/validation/perturbation_units/GSE188225_verified_samples.tsv;data/analysis/total/data/module_tables/module9/M9_gse188225_keygenes.tsv;data/analysis/modules/module9/tables/M9_gse188225_keygenes.tsv;data/analysis/modules/module9/tables/M9_gse188225_TG_vs_WT.tsv	metadata/qc_code_evidence.tsv; related original README/manifest	inherited registry plus inspected local index; upstream not rerun
GSE195812	Single-cell immune profiling reveals thymus-seeding populations, T cell commitment, and multi-lineage development in the human thymus	https://www.ncbi.nlm.nih.gov/geo/query/acc.cgi?acc=GSE195812&targ=self&form=text&view=brief	retrieved	data/analysis/scripts/download_revision_leftovers_hulu.py;data/analysis/scripts/download_revision_on_hulu.py;data/analysis/scripts/download_revision_tier1.py;data/analysis/scripts/download_revision_tier1_hulu.sh;data/analysis/scripts/probe_revision_geo.py;data/analysis/scripts/resume_all_thymus_scp.py;data/analysis/scripts/_patch_leftover_status.py;data/analysis/total/code/collect_source_data.py;data/analysis/total/code/fig2_development.py;data/analysis/total/code/gate2_thymus_window.py;data/analysis/total/code/zeb_developmental_residual.R;data/analysis/total/code/zeb_dev_axis_round2.R;data/analysis/total/code/_probe_thymus_gate2.py;data/analysis/total/code/_probe_thymus_obs.py;data/analysis/total/rebuild_2026/code/revision2_update_manuscript.py;data/analysis/total/rebuild_2026/code/revision3_expand_legends.py;data/analysis/total/rebuild_2026/code/revision3_update_manuscript.py;data/analysis/total/rebuild_2026/code/revision3_update_supplement.py;data/analysis/total/rebuild_2026/code/revision4_targeted_sensitivity.R;data/analysis/modules/module5/code/02c_analyze_r2.R;data/analysis/modules/module2/code/01b_prepare_thymus.py;data/analysis/modules/module2/code/02b_analyze_thymus.R;data/analysis/modules/module2/code/_pull_key_tsv.py	data/analysis/total/rebuild_2026/data/source_data_rebuilt/S2/S2D_GSE195812_ISP_dip.tsv;data/analysis/total/rebuild_2026/data/source_data_rebuilt/Supplement_S1/source_S2_S2D_GSE195812_ISP_dip.tsv;data/analysis/total/data/reference_records/GSE195812.soft.txt;data/analysis/total/data/module_tables/module2/M2_r2_GSE195812_gene_vs_stage.tsv;data/analysis/total/data/module_tables/module2/M2_r2_GSE195812_stage_gene_means.tsv;data/analysis/modules/module2/tables/M2_r2_GSE195812_all_obs.tsv.gz;data/analysis/modules/module2/tables/M2_r2_GSE195812_gene_vs_stage.tsv;data/analysis/modules/module2/tables/M2_r2_GSE195812_plot_cells.tsv.gz;data/analysis/modules/module2/tables/M2_r2_GSE195812_sample_means.tsv;data/analysis/modules/module2/tables/M2_r2_GSE195812_stage_centroids.tsv;data/analysis/modules/module2/tables/M2_r2_GSE195812_stage_gene_means.tsv;data/analysis/modules/module2/tables/M2_r2_GSE195812_stage_n.tsv;data/analysis/modules/module2/tables/M2_r2_GSE195812_ZEB1_by_stage.tsv	metadata/qc_code_evidence.tsv; related original README/manifest	inherited registry plus inspected local index; upstream not rerun
GSE206710	Investigating human T cell development in the human pediatric thymus using scRNA-seq	https://www.ncbi.nlm.nih.gov/geo/query/acc.cgi?acc=GSE206710&targ=self&form=text&view=brief	retrieved	data/analysis/scripts/download_revision_on_hulu.py;data/analysis/scripts/download_revision_tier1.py;data/analysis/scripts/download_revision_tier1_hulu.sh;data/analysis/scripts/probe_revision_geo.py;data/analysis/total/code/compute_supp_analyses.py;data/analysis/total/code/figS_all.py;data/analysis/total/code/gate2_thymus_window.py;data/analysis/total/code/hulu_fig467F_pipeline.py;data/analysis/total/code/zeb_developmental_residual.R;data/analysis/total/code/zeb_dev_axis_round2.R;data/analysis/total/code/_probe_thymus_gate2.py;data/analysis/total/code/_probe_thymus_obs.py;data/analysis/total/rebuild_2026/code/revision2_update_manuscript.py;data/analysis/total/rebuild_2026/code/revision3_expand_legends.py;data/analysis/total/rebuild_2026/code/revision3_fix_normal_unit_labels.py;data/analysis/total/rebuild_2026/code/revision3_update_manuscript.py;data/analysis/total/rebuild_2026/code/revision3_update_supplement.py;data/analysis/total/rebuild_2026/code/revision4_targeted_sensitivity.R;data/analysis/modules/module2/code/01b_prepare_thymus.py;data/analysis/modules/module2/code/02b_analyze_thymus.R;data/analysis/modules/module2/code/_pull_key_tsv.py	data/analysis/total/data/reference_records/GSE206710.soft.txt;data/analysis/total/data/module_tables/module2/M2_r2_GSE206710_stage_n.tsv;data/analysis/modules/module2/tables/M2_r2_GSE206710_all_obs.tsv.gz;data/analysis/modules/module2/tables/M2_r2_GSE206710_donor_fraction.tsv;data/analysis/modules/module2/tables/M2_r2_GSE206710_plot_cells.tsv.gz;data/analysis/modules/module2/tables/M2_r2_GSE206710_sample_means.tsv;data/analysis/modules/module2/tables/M2_r2_GSE206710_stage_gene_means.tsv;data/analysis/modules/module2/tables/M2_r2_GSE206710_stage_n.tsv	metadata/qc_code_evidence.tsv; related original README/manifest	inherited registry plus inspected local index; upstream not rerun
GSE227122	Pediatric T-cell acute lymphoblastic leukemia blast signature and MRD associated immune environment changes defined by single cell transcriptomics analysis.	https://www.ncbi.nlm.nih.gov/geo/query/acc.cgi?acc=GSE227122&targ=self&form=text&view=brief	retrieved	data/analysis/scripts/clarify_227122_243915.py;data/analysis/scripts/download_five_gse_full.py;data/analysis/scripts/download_five_gse_sra.py;data/analysis/scripts/download_five_gse_sra_parallel.py;data/analysis/scripts/download_geo_parallel.py;data/analysis/scripts/download_tall_datasets.py;data/analysis/scripts/finalize_target_stop_raw.sh;data/analysis/scripts/mark_three_raw_uploaded.py;data/analysis/scripts/monitor_loop.sh;data/analysis/scripts/probe_public_datasets.py;data/analysis/scripts/reclassify_tiny_geo.py;data/analysis/scripts/refine_three_gse_status.py;data/analysis/scripts/remaining_helper_urls.py;data/analysis/scripts/watch_five_gse.sh;data/analysis/total/code/compute_supp_analyses.py;data/analysis/total/code/fig5_singlecell.py;data/analysis/total/code/figS15_three_gene_patient.py;data/analysis/total/code/pilot_ferroptosis_gonogo.py;data/analysis/total/code/scrna_patient_qc.py;data/analysis/total/code/summarize_harmony_sensitivity.py;data/analysis/total/code/three_gene_patient_aggregate.py;data/analysis/total/code/three_gene_patient_validation.py;data/analysis/modules/module5/code/00_inspect_env.py;data/analysis/modules/module5/code/01c_round2.py;data/analysis/modules/module5/code/01_prepare_module5.py;data/analysis/modules/module5/code/02c_analyze_r2.R;data/analysis/modules/module5/code/02_analyze_module5.R;data/analysis/modules/module2/code/01b_prepare_thymus.py;data/analysis/modules/module2/code/02b_analyze_thymus.R;data/analysis/modules/module2/code/_pull_key_tsv.py	data/analysis/total/data/reference_records/GSE227122.soft.txt;data/analysis/modules/module2/tables/M2_r2_map_GSE227122_cells.tsv.gz;data/analysis/modules/module2/tables/M2_r2_map_GSE227122_patient.tsv;data/analysis/modules/module2/tables/M2_r2_map_GSE227122_stage_comp.tsv	metadata/qc_code_evidence.tsv; related original README/manifest	inherited registry plus inspected local index; upstream not rerun
GSE243915	3D chromatin hubs as regulatory units of identity and survival in acute T-cell leukemia.	https://www.ncbi.nlm.nih.gov/geo/query/acc.cgi?acc=GSE243915&targ=self&form=text&view=brief	retrieved	data/analysis/scripts/clarify_227122_243915.py;data/analysis/scripts/download_five_gse_full.py;data/analysis/scripts/download_five_gse_sra.py;data/analysis/scripts/download_five_gse_sra_parallel.py;data/analysis/scripts/download_geo_parallel.py;data/analysis/scripts/download_tall_datasets.py;data/analysis/scripts/finalize_target_stop_raw.sh;data/analysis/scripts/mark_gse243915_done.py;data/analysis/scripts/monitor_remaining.ps1;data/analysis/scripts/probe_public_datasets.py;data/analysis/scripts/reclassify_tiny_geo.py;data/analysis/scripts/remaining_helper_urls.py;data/analysis/scripts/watch_five_gse.sh;data/analysis/total/code/fig6_mechanism.py;data/analysis/total/code/hulu_zeb2_chromatin.py;data/analysis/modules/module6/code/01_prepare_module6.py;data/analysis/modules/module6/code/02_analyze_module6.R	data/analysis/data/GSE243915_aria2.log;data/analysis/scripts/mark_gse243915_done.py;data/analysis/total/data/reference_records/GSE243915.soft.txt	metadata/qc_code_evidence.tsv; related original README/manifest	inherited registry plus inspected local index; upstream not rerun
GSE248287	Remodeling of the immune microenvironment is linked to adverse outcome in pediatric T cell acute lymphoblastic leukemia	https://www.ncbi.nlm.nih.gov/geo/query/acc.cgi?acc=GSE248287&targ=self&form=text&view=brief	retrieved	data/analysis/scripts/download_geo_parallel.py;data/analysis/scripts/download_remaining_parallel.py;data/analysis/scripts/download_tall_datasets.py;data/analysis/scripts/fix_two_gse.sh;data/analysis/scripts/local_stage_partial_public.py;data/analysis/scripts/mark_two_gse_done.py;data/analysis/scripts/probe_public_datasets.py;data/analysis/scripts/start_remaining_parallel.sh;data/analysis/scripts/watch_five_gse.sh;data/analysis/total/code/compute_supp_analyses.py;data/analysis/total/code/fig5_singlecell.py;data/analysis/total/code/figS15_three_gene_patient.py;data/analysis/total/code/figS_all.py;data/analysis/total/code/gse248287_malignant_pseudobulk.py;data/analysis/total/code/scrna_patient_qc.py;data/analysis/total/code/three_gene_patient_aggregate.py;data/analysis/total/code/three_gene_patient_validation.py;data/analysis/total/rebuild_2026/code/deepen_2026/a7b0_pregate_metadata.py;data/analysis/total/rebuild_2026/code/deepen_2026/a7b_stream_counts.py;data/analysis/total/rebuild_2026/code/deepen_2026/a7c_run.py;data/analysis/modules/module5/code/00_inspect_env.py;data/analysis/modules/module5/code/01b_gse248287.py;data/analysis/modules/module5/code/01c_round2.py;data/analysis/modules/module5/code/01_prepare_module5.py;data/analysis/modules/module5/code/02c_analyze_r2.R;data/analysis/modules/module5/code/02_analyze_module5.R	data/analysis/scripts/GSE248287_GSE69954_手动补下.md;data/analysis/total/code/gse248287_malignant_pseudobulk.py;data/analysis/total/code/run_gse248287_malignant.sh;data/analysis/total/rebuild_2026/data/deepen_2026/a7b_malignant/GSE248287_10x_barcodes.tsv.gz;data/analysis/total/rebuild_2026/data/deepen_2026/a7b_malignant/GSE248287_10x_metadata_all.txt.gz;data/analysis/total/rebuild_2026/data/deepen_2026/a7b_malignant/GSE248287_10x_RNA_features.tsv.gz;data/analysis/total/rebuild_2026/data/deepen_2026/a7b_malignant/GSE248287_10x_RNA_matrix.mtx.gz;data/analysis/total/rebuild_2026/data/deepen_2026/a7b_malignant/gse248287_suppl.html;data/analysis/total/rebuild_2026/data/deepen_2026/a7c_decompose/a7c_GSE248287_scores.tsv;data/analysis/total/data/gse248287_inspect/barcodes.tsv.gz;data/analysis/total/data/gse248287_inspect/features.tsv.gz;data/analysis/total/data/gse248287_inspect/matrix.mtx.gz;data/analysis/total/data/gse248287_inspect/P8_barcodes.tsv.gz;data/analysis/total/data/gse248287_malignant_job1699/patient_cell_qc.tsv;data/analysis/total/data/gse248287_malignant_job1699/patient_malignant_pseudobulk.tsv;data/analysis/total/data/gse248287_malignant_job1699/python_packages.txt;data/analysis/total/data/gse248287_malignant_job1699/run.json;data/analysis/total/data/gse248287_malignant_job1699/SHA256SUMS;data/analysis/total/data/gse248287_malignant_job1699/stageout.json;data/analysis/total/data/gse248287_malignant_job1699/zeb1_patient_associations.tsv;data/analysis/total/data/reference_records/GSE248287.soft.txt;data/analysis/modules/module5/code/01b_gse248287.py	metadata/qc_code_evidence.tsv; related original README/manifest	inherited registry plus inspected local index; upstream not rerun
GSE260697	The role of quiescent thymic progenitors in TAL/LMO2-induced T-ALL chemotolerance	https://www.ncbi.nlm.nih.gov/geo/query/acc.cgi?acc=GSE260697&targ=self&form=text&view=brief	retrieved	data/analysis/scripts/download_revision_on_hulu.py;data/analysis/total/code/dormant_lic/gse260697_gate2.py;data/analysis/total/code/dormant_lic/inspect_inputs.sh;data/analysis/total/code/dormant_lic/peek_260697.sh;data/analysis/modules/module10/code/01_prepare_module10.py;data/analysis/modules/module10/code/02_analyze_module10.R	data/analysis/total/data/reference_records/GSE260697.soft.txt;data/analysis/total/code/dormant_lic/gse260697_gate2.py	metadata/qc_code_evidence.tsv; related original README/manifest	inherited registry plus inspected local index; upstream not rerun
GSE26713	Integrated transcript and genome analyses reveal NKX2-1 and MEF2C as potential oncogenes in T-ALL	https://www.ncbi.nlm.nih.gov/geo/query/acc.cgi?acc=GSE26713&targ=self&form=text&view=brief	retrieved	data/analysis/scripts/download_revision_leftovers_hulu.py;data/analysis/scripts/download_revision_on_hulu.py;data/analysis/scripts/download_revision_tier1.py;data/analysis/scripts/download_revision_tier1_hulu.sh;data/analysis/scripts/probe_revision_geo.py;data/analysis/scripts/_fix_gse26713_status.py;data/analysis/scripts/_patch_leftover_status.py;data/analysis/total/code/fig3_subtype.py;data/analysis/total/code/fig4_transcriptome.py;data/analysis/total/code/figS13_probe_annotation.py;data/analysis/total/code/figS_all.py;data/analysis/total/code/tlx_split_validation.py;data/analysis/modules/module3/code/01b_prepare_independent.py;data/analysis/modules/module3/code/02b_analyze_independent.R	data/analysis/scripts/_fix_gse26713_status.py;data/analysis/total/data/probe_audit/gse26713_probe_pairwise_spearman.tsv;data/analysis/total/data/reference_records/GSE26713.soft.txt;data/analysis/modules/module3/tables/M3_r2_GSE26713_vs_BM.tsv	metadata/qc_code_evidence.tsv; related original README/manifest	inherited registry plus inspected local index; upstream not rerun
GSE272023	CpG island methylator phenotype classification improves risk assessment in pediatric T-cell Acute Lymphoblastic Leukemia [RNA-seq]	https://www.ncbi.nlm.nih.gov/geo/query/acc.cgi?acc=GSE272023&targ=self&form=text&view=brief	retrieved	data/analysis/scripts/download_geo_parallel.py;data/analysis/scripts/download_tall_datasets.py;data/analysis/scripts/fix_geo_reuse_restart.sh;data/analysis/scripts/probe_public_datasets.py;data/analysis/total/code/fig4_crosscohort_source.py;data/analysis/total/code/fig4_transcriptome.py;data/analysis/total/code/figS_all.py;data/analysis/total/code/gse272023_keygene_validation.py;data/analysis/total/code/pilot_ferroptosis_gonogo.py;data/analysis/total/rebuild_2026/code/deepen_2026/a1_external_residual_validation.R;data/analysis/total/rebuild_2026/code/deepen_2026/inspect_gse272023_ids.py;data/analysis/modules/module6/code/02_analyze_module6.R;data/analysis/modules/module3/code/01d_fix_labels.py;data/analysis/modules/module3/code/01_prepare_module3.py;data/analysis/modules/module3/code/02_analyze_module3.R;data/analysis/modules/module3/code/03_fill_3.17.R	data/analysis/total/code/gse272023_keygene_validation.py;data/analysis/total/rebuild_2026/code/deepen_2026/inspect_gse272023_ids.py;data/analysis/total/data/reference_records/GSE272023.soft.txt;data/analysis/total/data/validation/gse272023_keygene_associations.tsv;data/analysis/total/data/validation/gse272023_keygene_id_map.tsv;data/analysis/total/data/validation/gse272023_keygene_patients.tsv;data/analysis/total/data/validation/gse272023_keygene_run.json;data/analysis/total/data/validation/GSE272023_MatrixRNAseqVSTcountsFilted.txt.gz;data/analysis/total/data/validation/gse272023_sample_map.tsv	metadata/qc_code_evidence.tsv; related original README/manifest	inherited registry plus inspected local index; upstream not rerun
GSE280728	3D chromatin hubs as regulatory units of identity and survival in acute T-cell leukemia [scATAC-Seq]	https://www.ncbi.nlm.nih.gov/geo/query/acc.cgi?acc=GSE280728&targ=self&form=text&view=brief	retrieved	data/analysis/scripts/download_five_gse_full.py;data/analysis/scripts/download_five_gse_sra.py;data/analysis/scripts/download_five_gse_sra_parallel.py;data/analysis/scripts/download_geo_parallel.py;data/analysis/scripts/download_remaining_parallel.py;data/analysis/scripts/download_tall_datasets.py;data/analysis/scripts/finalize_target_stop_raw.sh;data/analysis/scripts/mark_three_raw_uploaded.py;data/analysis/scripts/probe_public_datasets.py;data/analysis/scripts/refine_three_gse_status.py;data/analysis/scripts/remaining_helper_urls.py;data/analysis/scripts/retry_depmap.sh;data/analysis/scripts/watch_five_gse.sh;data/analysis/scripts/补_depmap_ccle_broad.sh;data/analysis/total/code/hulu_zeb2_chromatin.py;data/analysis/modules/module6/code/01c_chip_scatac.py;data/analysis/modules/module6/code/02c_analyze_r2.R	data/analysis/total/data/reference_records/GSE280728.soft.txt;data/analysis/modules/module6/tables/M6_r2_GSE280728_series_head.txt;data/analysis/modules/module6/tables/M6_r2_GSE280728_ZEB1_peaks.tsv	metadata/qc_code_evidence.tsv; related original README/manifest	inherited registry plus inspected local index; upstream not rerun
GSE287751	Transcriptional programs of in vitro-expanded HSPCs with acute disruption of Lmo2 before and after co-culture with OP9-DLL1	https://www.ncbi.nlm.nih.gov/geo/query/acc.cgi?acc=GSE287751&targ=self&form=text&view=brief	retrieved	data/analysis/scripts/download_revision_on_hulu.py;data/analysis/total/code/figS_all.py;data/analysis/total/code/perturbation_unit_manifest.py;data/analysis/total/code/dormant_lic/overnight_gate3.py;data/analysis/modules/module9/code/00_inspect_module9.py;data/analysis/modules/module9/code/01_prepare_module9.py;data/analysis/modules/module10/code/01b_optional_mouse.py;data/analysis/modules/module10/code/01c_scrna.py;data/analysis/modules/module10/code/02c_analyze_r2.R;data/analysis/modules/module10/code/03_plot_optional.py	data/analysis/total/code/gse287751_author_pseudobulk.py;data/analysis/total/code/parse_gse287751_metadata.py;data/analysis/total/data/reference_records/GSE287751.soft.txt;data/analysis/total/data/validation/gse287751/analysis_scope.json;data/analysis/total/data/validation/gse287751/author_cell_metadata.tsv;data/analysis/total/data/validation/gse287751/author_condition_contrasts.tsv;data/analysis/total/data/validation/gse287751/author_condition_counts.tsv;data/analysis/total/data/validation/gse287751/author_condition_pseudobulk.tsv;data/analysis/total/data/validation/gse287751/author_condition_to_raw_hto.tsv;data/analysis/total/data/validation/gse287751/GSM9286835_scRNAseq_perCell_assignment_to_hto_cluster_umap.xlsx;data/analysis/total/data/validation/gse287751/hulu_raw_sha256.txt;data/analysis/total/data/validation/gse287751/metadata_provenance.json;data/analysis/total/data/validation/gse287751/README.md;data/analysis/total/data/module_tables/module10/M10_r2_GSE287751_DN1_KO_vs_ctrl.tsv;data/analysis/total/code/dormant_lic/gse287751_contrasts.tsv;data/analysis/modules/module10/tables/M10_r2_GSE287751_DN1_KO_vs_ctrl.tsv;data/analysis/modules/module10/tables/M10_r2_GSE287751_key_long.tsv;data/analysis/modules/module10/tables/M10_r2_GSE287751_key_TPM.tsv;data/analysis/modules/module10/tables/M10_r2_GSE287751_note.txt	metadata/qc_code_evidence.tsv; related original README/manifest	inherited registry plus inspected local index; upstream not rerun
GSE287757	T cell development from expanded hematopoietic progenitors reveals initiation control by Lmo2 and Flt3L priming	https://www.ncbi.nlm.nih.gov/geo/query/acc.cgi?acc=GSE287757&targ=self&form=text&view=brief	retrieved	data/analysis/scripts/download_revision_leftovers_hulu.py;data/analysis/scripts/download_revision_on_hulu.py;data/analysis/scripts/_patch_leftover_status.py;data/analysis/modules/module6/code/01c_chip_scatac.py;data/analysis/modules/module6/code/02c_analyze_r2.R	data/analysis/total/data/reference_records/GSE287757.soft.txt;data/analysis/modules/module6/tables/M6_r2_GSE287757_Zeb1_peaks.tsv	metadata/qc_code_evidence.tsv; related original README/manifest	inherited registry plus inspected local index; upstream not rerun
GSE49164	Requirement for Lyl1 in a model of Lmo2-driven early T-cell precursor ALL	https://www.ncbi.nlm.nih.gov/geo/query/acc.cgi?acc=GSE49164&targ=self&form=text&view=brief	retrieved	data/analysis/total/code/perturbation_unit_manifest.py	data/analysis/total/data/reference_records/GSE49164.soft.txt;data/analysis/total/data/validation/perturbation_units/GSE49164_deposited_samples.tsv;data/analysis/total/data/validation/perturbation_units/GSE49164_series_matrix.txt.gz	metadata/qc_code_evidence.tsv; related original README/manifest	inherited registry plus inspected local index; upstream not rerun
GSE62156	Gene expression signatures of 64 T-ALL patient diagnosis samples	https://www.ncbi.nlm.nih.gov/geo/query/acc.cgi?acc=GSE62156&targ=self&form=text&view=brief	retrieved	data/analysis/scripts/download_revision_on_hulu.py;data/analysis/scripts/download_revision_tier1.py;data/analysis/scripts/download_revision_tier1_hulu.sh;data/analysis/scripts/probe_revision_geo.py;data/analysis/total/code/fig3_subtype.py;data/analysis/total/code/fig4_transcriptome.py;data/analysis/total/code/figS_all.py;data/analysis/total/code/tlx_split_validation.py;data/analysis/modules/module3/code/01b_prepare_independent.py	data/analysis/total/data/reference_records/GSE62156.soft.txt	metadata/qc_code_evidence.tsv; related original README/manifest	inherited registry plus inspected local index; upstream not rerun
GSE69954	DNA methylation adds prognostic value to minimal residual disease status in pediatric T-cell acute lymphoblastic leukemia	https://www.ncbi.nlm.nih.gov/geo/query/acc.cgi?acc=GSE69954&targ=self&form=text&view=brief	retrieved	data/analysis/scripts/download_geo_parallel.py;data/analysis/scripts/download_remaining_parallel.py;data/analysis/scripts/download_revision_leftovers_hulu.py;data/analysis/scripts/download_revision_on_hulu.py;data/analysis/scripts/download_revision_tier1.py;data/analysis/scripts/download_revision_tier1_hulu.sh;data/analysis/scripts/download_tall_datasets.py;data/analysis/scripts/fix_two_gse.sh;data/analysis/scripts/local_stage_partial_public.py;data/analysis/scripts/mark_two_gse_done.py;data/analysis/scripts/probe_public_datasets.py;data/analysis/scripts/probe_revision_geo.py;data/analysis/scripts/watch_five_gse.sh;data/analysis/scripts/_patch_depmap_status.py;data/analysis/scripts/_patch_leftover_status.py;data/analysis/total/code/fig6_mechanism.py;data/analysis/modules/module6/code/01b_gse69954_methylation.py;data/analysis/modules/module6/code/01_prepare_module6.py;data/analysis/modules/module6/code/02_analyze_module6.R;data/analysis/modules/module6/code/03_plot_gse69954.py	data/analysis/scripts/GSE248287_GSE69954_手动补下.md;data/analysis/total/data/reference_records/GSE69954.soft.txt;data/analysis/modules/module6/code/01b_gse69954_methylation.py;data/analysis/modules/module6/code/03_plot_gse69954.py;data/analysis/modules/module6/tables/M6_6.17_GSE69954_sample_meta.tsv	metadata/qc_code_evidence.tsv; related original README/manifest	inherited registry plus inspected local index; upstream not rerun
GSE70734	H3K27ac ChIP-Seq in ALL-SIL	https://www.ncbi.nlm.nih.gov/geo/query/acc.cgi?acc=GSE70734&targ=self&form=text&view=brief	retrieved	data/analysis/scripts/download_revision_on_hulu.py;data/analysis/scripts/download_revision_tier1.py;data/analysis/scripts/download_revision_tier1_hulu.sh;data/analysis/scripts/probe_revision_geo.py;data/analysis/total/code/figS_all.py;data/analysis/modules/module6/code/01c_chip_scatac.py;data/analysis/modules/module6/code/02c_analyze_r2.R	data/analysis/total/data/reference_records/GSE70734.soft.txt;data/analysis/total/data/module_tables/module6/M6_r2_GSE70734_H3K27ac_ZEB1.tsv;data/analysis/modules/module6/tables/M6_r2_GSE70734_H3K27ac_ZEB1.tsv	metadata/qc_code_evidence.tsv; related original README/manifest	inherited registry plus inspected local index; upstream not rerun
