stage	original	release	execution
01_preprocess	data/analysis/modules/module9/code/00_inspect_module9.py	scripts/01_preprocess/modules/module9/code/00_inspect_module9.py	retained original code; upstream not executed in this release
01_preprocess	data/analysis/modules/module9/code/01_prepare_module9.py	scripts/01_preprocess/modules/module9/code/01_prepare_module9.py	retained original code; upstream not executed in this release
01_preprocess	data/analysis/modules/module9/code/02_analyze_module9.R	scripts/01_preprocess/modules/module9/code/02_analyze_module9.R	retained original code; upstream not executed in this release
01_preprocess	data/analysis/modules/module9/code/03_volcano_from_tables.R	scripts/01_preprocess/modules/module9/code/03_volcano_from_tables.R	retained original code; upstream not executed in this release
01_preprocess	data/analysis/modules/module9/code/04_rebuild_qc_figures.py	scripts/01_preprocess/modules/module9/code/04_rebuild_qc_figures.py	retained original code; upstream not executed in this release
01_preprocess	data/analysis/modules/module9/code/run_module9.sh	scripts/01_preprocess/modules/module9/code/run_module9.sh	retained original code; upstream not executed in this release
01_preprocess	data/analysis/modules/module8/code/00_inspect_depmap.py	scripts/01_preprocess/modules/module8/code/00_inspect_depmap.py	retained original code; upstream not executed in this release
01_preprocess	data/analysis/modules/module8/code/01b_prepare_depmap26q1.py	scripts/01_preprocess/modules/module8/code/01b_prepare_depmap26q1.py	retained original code; upstream not executed in this release
01_preprocess	data/analysis/modules/module8/code/01_prepare_module8.py	scripts/01_preprocess/modules/module8/code/01_prepare_module8.py	retained original code; upstream not executed in this release
01_preprocess	data/analysis/modules/module8/code/02_analyze_module8.R	scripts/01_preprocess/modules/module8/code/02_analyze_module8.R	retained original code; upstream not executed in this release
01_preprocess	data/analysis/modules/module8/code/run_module8.sh	scripts/01_preprocess/modules/module8/code/run_module8.sh	retained original code; upstream not executed in this release
01_preprocess	data/analysis/modules/module8/code/_head_26q1.py	scripts/01_preprocess/modules/module8/code/_head_26q1.py	retained original code; upstream not executed in this release
01_preprocess	data/analysis/modules/module8/code/_inspect_26q1_ids.py	scripts/01_preprocess/modules/module8/code/_inspect_26q1_ids.py	retained original code; upstream not executed in this release
01_preprocess	data/analysis/modules/module8/code/_launch_26q1.py	scripts/01_preprocess/modules/module8/code/_launch_26q1.py	retained original code; upstream not executed in this release
01_preprocess	data/analysis/modules/module8/code/_pull_26q1.py	scripts/01_preprocess/modules/module8/code/_pull_26q1.py	retained original code; upstream not executed in this release
01_preprocess	data/analysis/modules/module8/code/_relaunch_26q1.py	scripts/01_preprocess/modules/module8/code/_relaunch_26q1.py	retained original code; upstream not executed in this release
01_preprocess	data/analysis/modules/module7/code/01_prepare_module7.py	scripts/01_preprocess/modules/module7/code/01_prepare_module7.py	retained original code; upstream not executed in this release
01_preprocess	data/analysis/modules/module7/code/02c_analyze_r2.R	scripts/01_preprocess/modules/module7/code/02c_analyze_r2.R	retained original code; upstream not executed in this release
01_preprocess	data/analysis/modules/module7/code/02_analyze_module7.R	scripts/01_preprocess/modules/module7/code/02_analyze_module7.R	retained original code; upstream not executed in this release
01_preprocess	data/analysis/modules/module7/code/03_fill_figures.R	scripts/01_preprocess/modules/module7/code/03_fill_figures.R	retained original code; upstream not executed in this release
01_preprocess	data/analysis/modules/module7/code/run_module7.sh	scripts/01_preprocess/modules/module7/code/run_module7.sh	retained original code; upstream not executed in this release
01_preprocess	data/analysis/modules/module6/code/01b_gse69954_methylation.py	scripts/01_preprocess/modules/module6/code/01b_gse69954_methylation.py	retained original code; upstream not executed in this release
01_preprocess	data/analysis/modules/module6/code/01c_chip_scatac.py	scripts/01_preprocess/modules/module6/code/01c_chip_scatac.py	retained original code; upstream not executed in this release
01_preprocess	data/analysis/modules/module6/code/01_prepare_module6.py	scripts/01_preprocess/modules/module6/code/01_prepare_module6.py	retained original code; upstream not executed in this release
01_preprocess	data/analysis/modules/module6/code/02c_analyze_r2.R	scripts/01_preprocess/modules/module6/code/02c_analyze_r2.R	retained original code; upstream not executed in this release
01_preprocess	data/analysis/modules/module6/code/02_analyze_module6.R	scripts/01_preprocess/modules/module6/code/02_analyze_module6.R	retained original code; upstream not executed in this release
01_preprocess	data/analysis/modules/module6/code/03_plot_gse69954.py	scripts/01_preprocess/modules/module6/code/03_plot_gse69954.py	retained original code; upstream not executed in this release
01_preprocess	data/analysis/modules/module6/code/run_module6.sh	scripts/01_preprocess/modules/module6/code/run_module6.sh	retained original code; upstream not executed in this release
01_preprocess	data/analysis/modules/module5/code/00_inspect_env.py	scripts/01_preprocess/modules/module5/code/00_inspect_env.py	retained original code; upstream not executed in this release
01_preprocess	data/analysis/modules/module5/code/01b_gse248287.py	scripts/01_preprocess/modules/module5/code/01b_gse248287.py	retained original code; upstream not executed in this release
01_preprocess	data/analysis/modules/module5/code/01c_round2.py	scripts/01_preprocess/modules/module5/code/01c_round2.py	retained original code; upstream not executed in this release
01_preprocess	data/analysis/modules/module5/code/01_prepare_module5.py	scripts/01_preprocess/modules/module5/code/01_prepare_module5.py	retained original code; upstream not executed in this release
01_preprocess	data/analysis/modules/module5/code/02c_analyze_r2.R	scripts/01_preprocess/modules/module5/code/02c_analyze_r2.R	retained original code; upstream not executed in this release
01_preprocess	data/analysis/modules/module5/code/02_analyze_module5.R	scripts/01_preprocess/modules/module5/code/02_analyze_module5.R	retained original code; upstream not executed in this release
01_preprocess	data/analysis/modules/module5/code/run_module5.sh	scripts/01_preprocess/modules/module5/code/run_module5.sh	retained original code; upstream not executed in this release
01_preprocess	data/analysis/modules/module5/code/run_remaining_r2.sh	scripts/01_preprocess/modules/module5/code/run_remaining_r2.sh	retained original code; upstream not executed in this release
01_preprocess	data/analysis/modules/module5/code/_launch_remaining.py	scripts/01_preprocess/modules/module5/code/_launch_remaining.py	retained original code; upstream not executed in this release
01_preprocess	data/analysis/modules/module5/code/_pull_r2.py	scripts/01_preprocess/modules/module5/code/_pull_r2.py	retained original code; upstream not executed in this release
01_preprocess	data/analysis/modules/module4/code/01_prepare_module4.py	scripts/01_preprocess/modules/module4/code/01_prepare_module4.py	retained original code; upstream not executed in this release
01_preprocess	data/analysis/modules/module4/code/02_analyze_module4.R	scripts/01_preprocess/modules/module4/code/02_analyze_module4.R	retained original code; upstream not executed in this release
01_preprocess	data/analysis/modules/module4/code/03_highorder_module4.R	scripts/01_preprocess/modules/module4/code/03_highorder_module4.R	retained original code; upstream not executed in this release
01_preprocess	data/analysis/modules/module4/code/04_subtype_adjusted.R	scripts/01_preprocess/modules/module4/code/04_subtype_adjusted.R	retained original code; upstream not executed in this release
01_preprocess	data/analysis/modules/module4/code/05_rebuild_adj_figures.py	scripts/01_preprocess/modules/module4/code/05_rebuild_adj_figures.py	retained original code; upstream not executed in this release
01_preprocess	data/analysis/modules/module4/code/06_leftover_r2.R	scripts/01_preprocess/modules/module4/code/06_leftover_r2.R	retained original code; upstream not executed in this release
01_preprocess	data/analysis/modules/module4/code/rename_figures.py	scripts/01_preprocess/modules/module4/code/rename_figures.py	retained original code; upstream not executed in this release
01_preprocess	data/analysis/modules/module4/code/run_highorder_module4.sh	scripts/01_preprocess/modules/module4/code/run_highorder_module4.sh	retained original code; upstream not executed in this release
01_preprocess	data/analysis/modules/module4/code/run_prepare_module4.sh	scripts/01_preprocess/modules/module4/code/run_prepare_module4.sh	retained original code; upstream not executed in this release
01_preprocess	data/analysis/modules/module4/code/run_subtype_adjusted.sh	scripts/01_preprocess/modules/module4/code/run_subtype_adjusted.sh	retained original code; upstream not executed in this release
01_preprocess	data/analysis/modules/module3/code/01b_prepare_independent.py	scripts/01_preprocess/modules/module3/code/01b_prepare_independent.py	retained original code; upstream not executed in this release
01_preprocess	data/analysis/modules/module3/code/01d_fix_labels.py	scripts/01_preprocess/modules/module3/code/01d_fix_labels.py	retained original code; upstream not executed in this release
01_preprocess	data/analysis/modules/module3/code/01_prepare_module3.py	scripts/01_preprocess/modules/module3/code/01_prepare_module3.py	retained original code; upstream not executed in this release
01_preprocess	data/analysis/modules/module3/code/02b_analyze_independent.R	scripts/01_preprocess/modules/module3/code/02b_analyze_independent.R	retained original code; upstream not executed in this release
01_preprocess	data/analysis/modules/module3/code/02_analyze_module3.R	scripts/01_preprocess/modules/module3/code/02_analyze_module3.R	retained original code; upstream not executed in this release
01_preprocess	data/analysis/modules/module3/code/03_fill_3.17.R	scripts/01_preprocess/modules/module3/code/03_fill_3.17.R	retained original code; upstream not executed in this release
01_preprocess	data/analysis/modules/module3/code/run_module3.sh	scripts/01_preprocess/modules/module3/code/run_module3.sh	retained original code; upstream not executed in this release
01_preprocess	data/analysis/modules/module3/code/run_module3_independent.sh	scripts/01_preprocess/modules/module3/code/run_module3_independent.sh	retained original code; upstream not executed in this release
01_preprocess	data/analysis/modules/module2/code/01b_fix_pharmacotype.py	scripts/01_preprocess/modules/module2/code/01b_fix_pharmacotype.py	retained original code; upstream not executed in this release
01_preprocess	data/analysis/modules/module2/code/01b_prepare_thymus.py	scripts/01_preprocess/modules/module2/code/01b_prepare_thymus.py	retained original code; upstream not executed in this release
01_preprocess	data/analysis/modules/module2/code/01_prepare_module2.py	scripts/01_preprocess/modules/module2/code/01_prepare_module2.py	retained original code; upstream not executed in this release
01_preprocess	data/analysis/modules/module2/code/02b_analyze_thymus.R	scripts/01_preprocess/modules/module2/code/02b_analyze_thymus.R	retained original code; upstream not executed in this release
01_preprocess	data/analysis/modules/module2/code/02_analyze_module2.R	scripts/01_preprocess/modules/module2/code/02_analyze_module2.R	retained original code; upstream not executed in this release
01_preprocess	data/analysis/modules/module2/code/03_enrich_module2.R	scripts/01_preprocess/modules/module2/code/03_enrich_module2.R	retained original code; upstream not executed in this release
01_preprocess	data/analysis/modules/module2/code/run_enrich_module2.sh	scripts/01_preprocess/modules/module2/code/run_enrich_module2.sh	retained original code; upstream not executed in this release
01_preprocess	data/analysis/modules/module2/code/run_m1_m8_m2.sh	scripts/01_preprocess/modules/module2/code/run_m1_m8_m2.sh	retained original code; upstream not executed in this release
01_preprocess	data/analysis/modules/module2/code/run_module2.sh	scripts/01_preprocess/modules/module2/code/run_module2.sh	retained original code; upstream not executed in this release
01_preprocess	data/analysis/modules/module2/code/_pull_key_tsv.py	scripts/01_preprocess/modules/module2/code/_pull_key_tsv.py	retained original code; upstream not executed in this release
01_preprocess	data/analysis/modules/module2/code/_pull_m2_r2.py	scripts/01_preprocess/modules/module2/code/_pull_m2_r2.py	retained original code; upstream not executed in this release
01_preprocess	data/analysis/modules/module2/code/_pull_pdfs.py	scripts/01_preprocess/modules/module2/code/_pull_pdfs.py	retained original code; upstream not executed in this release
01_preprocess	data/analysis/modules/module10/code/01b_optional_mouse.py	scripts/01_preprocess/modules/module10/code/01b_optional_mouse.py	retained original code; upstream not executed in this release
01_preprocess	data/analysis/modules/module10/code/01c_scrna.py	scripts/01_preprocess/modules/module10/code/01c_scrna.py	retained original code; upstream not executed in this release
01_preprocess	data/analysis/modules/module10/code/01_prepare_module10.py	scripts/01_preprocess/modules/module10/code/01_prepare_module10.py	retained original code; upstream not executed in this release
01_preprocess	data/analysis/modules/module10/code/02c_analyze_r2.R	scripts/01_preprocess/modules/module10/code/02c_analyze_r2.R	retained original code; upstream not executed in this release
01_preprocess	data/analysis/modules/module10/code/02_analyze_module10.R	scripts/01_preprocess/modules/module10/code/02_analyze_module10.R	retained original code; upstream not executed in this release
01_preprocess	data/analysis/modules/module10/code/03_plot_optional.py	scripts/01_preprocess/modules/module10/code/03_plot_optional.py	retained original code; upstream not executed in this release
01_preprocess	data/analysis/modules/module10/code/run_module10.sh	scripts/01_preprocess/modules/module10/code/run_module10.sh	retained original code; upstream not executed in this release
01_preprocess	data/analysis/modules/module10/code/_launch_m10.py	scripts/01_preprocess/modules/module10/code/_launch_m10.py	retained original code; upstream not executed in this release
01_preprocess	data/analysis/modules/module10/code/_launch_m10b.py	scripts/01_preprocess/modules/module10/code/_launch_m10b.py	retained original code; upstream not executed in this release
01_preprocess	data/analysis/modules/module10/code/_pull_m10.py	scripts/01_preprocess/modules/module10/code/_pull_m10.py	retained original code; upstream not executed in this release
01_preprocess	data/analysis/modules/module1/code/00_check_py_r.sh	scripts/01_preprocess/modules/module1/code/00_check_py_r.sh	retained original code; upstream not executed in this release
01_preprocess	data/analysis/modules/module1/code/00_check_r_pkgs.R	scripts/01_preprocess/modules/module1/code/00_check_r_pkgs.R	retained original code; upstream not executed in this release
01_preprocess	data/analysis/modules/module1/code/00_dump_clinical.R	scripts/01_preprocess/modules/module1/code/00_dump_clinical.R	retained original code; upstream not executed in this release
01_preprocess	data/analysis/modules/module1/code/00_find_python.sh	scripts/01_preprocess/modules/module1/code/00_find_python.sh	retained original code; upstream not executed in this release
01_preprocess	data/analysis/modules/module1/code/00_inspect_data.sh	scripts/01_preprocess/modules/module1/code/00_inspect_data.sh	retained original code; upstream not executed in this release
01_preprocess	data/analysis/modules/module1/code/00_inspect_labels.py	scripts/01_preprocess/modules/module1/code/00_inspect_labels.py	retained original code; upstream not executed in this release
01_preprocess	data/analysis/modules/module1/code/00_inspect_manifest.py	scripts/01_preprocess/modules/module1/code/00_inspect_manifest.py	retained original code; upstream not executed in this release
01_preprocess	data/analysis/modules/module1/code/00_inspect_target_pharm.py	scripts/01_preprocess/modules/module1/code/00_inspect_target_pharm.py	retained original code; upstream not executed in this release
01_preprocess	data/analysis/modules/module1/code/00_peek_gpl570.py	scripts/01_preprocess/modules/module1/code/00_peek_gpl570.py	retained original code; upstream not executed in this release
01_preprocess	data/analysis/modules/module1/code/01a_export_clinical.R	scripts/01_preprocess/modules/module1/code/01a_export_clinical.R	retained original code; upstream not executed in this release
01_preprocess	data/analysis/modules/module1/code/01_prepare_module1.py	scripts/01_preprocess/modules/module1/code/01_prepare_module1.py	retained original code; upstream not executed in this release
01_preprocess	data/analysis/modules/module1/code/02_analyze_module1.R	scripts/01_preprocess/modules/module1/code/02_analyze_module1.R	retained original code; upstream not executed in this release
01_preprocess	data/analysis/modules/module1/code/03_qa_module1.py	scripts/01_preprocess/modules/module1/code/03_qa_module1.py	retained original code; upstream not executed in this release
01_preprocess	data/analysis/modules/module1/code/04_enrich_figures_code2.R	scripts/01_preprocess/modules/module1/code/04_enrich_figures_code2.R	retained original code; upstream not executed in this release
01_preprocess	data/analysis/modules/module1/code/05_fill_1.17.R	scripts/01_preprocess/modules/module1/code/05_fill_1.17.R	retained original code; upstream not executed in this release
01_preprocess	data/analysis/modules/module1/code/06_gse107011.R	scripts/01_preprocess/modules/module1/code/06_gse107011.R	retained original code; upstream not executed in this release
01_preprocess	data/analysis/modules/module1/code/run_enrich_module1.sh	scripts/01_preprocess/modules/module1/code/run_enrich_module1.sh	retained original code; upstream not executed in this release
01_preprocess	data/analysis/modules/module1/code/run_module1.sh	scripts/01_preprocess/modules/module1/code/run_module1.sh	retained original code; upstream not executed in this release
01_preprocess	data/analysis/modules/module1/code/_pull_m1_fig.py	scripts/01_preprocess/modules/module1/code/_pull_m1_fig.py	retained original code; upstream not executed in this release
04_matching_external	data/analysis/total/code/agilent_gpl19197_zeb_map.py	scripts/04_matching_external/code/agilent_gpl19197_zeb_map.py	retained analysis source; upstream not executed in this release
04_matching_external	data/analysis/total/code/audit_pharmacotype_endpoints.py	scripts/04_matching_external/code/audit_pharmacotype_endpoints.py	retained analysis source; upstream not executed in this release
05_myeloid_adult	data/analysis/total/code/audit_target_survival.py	scripts/05_myeloid_adult/code/audit_target_survival.py	retained analysis source; upstream not executed in this release
07_tables	data/analysis/total/code/bundle_figure_tables.py	scripts/07_tables/code/bundle_figure_tables.py	retained analysis source; upstream not executed in this release
04_matching_external	data/analysis/total/code/chromatin_source_metadata.py	scripts/04_matching_external/code/chromatin_source_metadata.py	retained analysis source; upstream not executed in this release
04_matching_external	data/analysis/total/code/chromatin_window_audit.py	scripts/04_matching_external/code/chromatin_window_audit.py	retained analysis source; upstream not executed in this release
05_myeloid_adult	data/analysis/total/code/clinical_mrd_persistence.py	scripts/05_myeloid_adult/code/clinical_mrd_persistence.py	retained analysis source; upstream not executed in this release
04_matching_external	data/analysis/total/code/collect_geo_citations.py	scripts/04_matching_external/code/collect_geo_citations.py	retained analysis source; upstream not executed in this release
07_tables	data/analysis/total/code/collect_source_data.py	scripts/07_tables/code/collect_source_data.py	retained analysis source; upstream not executed in this release
04_matching_external	data/analysis/total/code/compute_supp_analyses.py	scripts/04_matching_external/code/compute_supp_analyses.py	retained analysis source; upstream not executed in this release
04_matching_external	data/analysis/total/code/cox_sparse_event_audit.py	scripts/04_matching_external/code/cox_sparse_event_audit.py	retained analysis source; upstream not executed in this release
04_matching_external	data/analysis/total/code/depmap26q1_consistent.py	scripts/04_matching_external/code/depmap26q1_consistent.py	retained analysis source; upstream not executed in this release
04_matching_external	data/analysis/total/code/depmap26q1_lineage_contrasts.py	scripts/04_matching_external/code/depmap26q1_lineage_contrasts.py	retained analysis source; upstream not executed in this release
04_matching_external	data/analysis/total/code/extract_independent_zeb1.py	scripts/04_matching_external/code/extract_independent_zeb1.py	retained analysis source; upstream not executed in this release
03_frozen_programs	data/analysis/total/code/gate2_thymus_window.py	scripts/03_frozen_programs/code/gate2_thymus_window.py	retained analysis source; upstream not executed in this release
03_frozen_programs	data/analysis/total/code/gate3_beta_selection.py	scripts/03_frozen_programs/code/gate3_beta_selection.py	retained analysis source; upstream not executed in this release
03_frozen_programs	data/analysis/total/code/gate3_score_depmap.py	scripts/03_frozen_programs/code/gate3_score_depmap.py	retained analysis source; upstream not executed in this release
04_matching_external	data/analysis/total/code/gateA_lim2025_zeb_family.py	scripts/04_matching_external/code/gateA_lim2025_zeb_family.py	retained analysis source; upstream not executed in this release
04_matching_external	data/analysis/total/code/gate_zeb1_mtx_silva2022.py	scripts/04_matching_external/code/gate_zeb1_mtx_silva2022.py	retained analysis source; upstream not executed in this release
04_matching_external	data/analysis/total/code/gate_zeb1_mtx_silva2022.R	scripts/04_matching_external/code/gate_zeb1_mtx_silva2022.R	retained analysis source; upstream not executed in this release
04_matching_external	data/analysis/total/code/gse144035_paired_audit.py	scripts/04_matching_external/code/gse144035_paired_audit.py	retained analysis source; upstream not executed in this release
04_matching_external	data/analysis/total/code/gse146901_zeb_polarity.py	scripts/04_matching_external/code/gse146901_zeb_polarity.py	retained analysis source; upstream not executed in this release
04_matching_external	data/analysis/total/code/gse162280_bcl11b_convergence.py	scripts/04_matching_external/code/gse162280_bcl11b_convergence.py	retained analysis source; upstream not executed in this release
05_myeloid_adult	data/analysis/total/code/gse248287_malignant_pseudobulk.py	scripts/05_myeloid_adult/code/gse248287_malignant_pseudobulk.py	retained analysis source; upstream not executed in this release
04_matching_external	data/analysis/total/code/gse272023_keygene_validation.py	scripts/04_matching_external/code/gse272023_keygene_validation.py	retained analysis source; upstream not executed in this release
05_myeloid_adult	data/analysis/total/code/gse287751_author_pseudobulk.py	scripts/05_myeloid_adult/code/gse287751_author_pseudobulk.py	retained analysis source; upstream not executed in this release
04_matching_external	data/analysis/total/code/gse29959_notch_gate.py	scripts/04_matching_external/code/gse29959_notch_gate.py	retained analysis source; upstream not executed in this release
05_myeloid_adult	data/analysis/total/code/harmony_label_sensitivity.py	scripts/05_myeloid_adult/code/harmony_label_sensitivity.py	retained analysis source; upstream not executed in this release
04_matching_external	data/analysis/total/code/inspect_thymus_reference.py	scripts/04_matching_external/code/inspect_thymus_reference.py	retained analysis source; upstream not executed in this release
04_matching_external	data/analysis/total/code/lmo2_within_subtype.py	scripts/04_matching_external/code/lmo2_within_subtype.py	retained analysis source; upstream not executed in this release
04_matching_external	data/analysis/total/code/matched_gene_set_control.py	scripts/04_matching_external/code/matched_gene_set_control.py	retained analysis source; upstream not executed in this release
05_myeloid_adult	data/analysis/total/code/mrd_protocol_sensitivity.py	scripts/05_myeloid_adult/code/mrd_protocol_sensitivity.py	retained analysis source; upstream not executed in this release
05_myeloid_adult	data/analysis/total/code/mrd_transition_counts.py	scripts/05_myeloid_adult/code/mrd_transition_counts.py	retained analysis source; upstream not executed in this release
04_matching_external	data/analysis/total/code/mtx_overlap_sensitivity.py	scripts/04_matching_external/code/mtx_overlap_sensitivity.py	retained analysis source; upstream not executed in this release
04_matching_external	data/analysis/total/code/parse_gse287751_metadata.py	scripts/04_matching_external/code/parse_gse287751_metadata.py	retained analysis source; upstream not executed in this release
07_tables	data/analysis/total/code/perturbation_unit_manifest.py	scripts/07_tables/code/perturbation_unit_manifest.py	retained analysis source; upstream not executed in this release
04_matching_external	data/analysis/total/code/pilot_ferroptosis_gonogo.py	scripts/04_matching_external/code/pilot_ferroptosis_gonogo.py	retained analysis source; upstream not executed in this release
04_matching_external	data/analysis/total/code/polonen_round1_figures.R	scripts/04_matching_external/code/polonen_round1_figures.R	retained analysis source; upstream not executed in this release
02_balance	data/analysis/total/code/polonen_round1_zeb_balance.R	scripts/02_balance/code/polonen_round1_zeb_balance.R	retained analysis source; upstream not executed in this release
04_matching_external	data/analysis/total/code/reference_integrity_check.py	scripts/04_matching_external/code/reference_integrity_check.py	retained analysis source; upstream not executed in this release
04_matching_external	data/analysis/total/code/regulon_coverage_audit.py	scripts/04_matching_external/code/regulon_coverage_audit.py	retained analysis source; upstream not executed in this release
04_matching_external	data/analysis/total/code/replicate_gse2351_dnr_ratio.py	scripts/04_matching_external/code/replicate_gse2351_dnr_ratio.py	retained analysis source; upstream not executed in this release
04_matching_external	data/analysis/total/code/run_depmap26q1_consistent.sh	scripts/04_matching_external/code/run_depmap26q1_consistent.sh	retained analysis source; upstream not executed in this release
04_matching_external	data/analysis/total/code/run_gse248287_malignant.sh	scripts/04_matching_external/code/run_gse248287_malignant.sh	retained analysis source; upstream not executed in this release
05_myeloid_adult	data/analysis/total/code/run_target_survival_diagnostics.py	scripts/05_myeloid_adult/code/run_target_survival_diagnostics.py	retained analysis source; upstream not executed in this release
04_matching_external	data/analysis/total/code/run_traced_step.py	scripts/04_matching_external/code/run_traced_step.py	retained analysis source; upstream not executed in this release
05_myeloid_adult	data/analysis/total/code/scrna_patient_qc.py	scripts/05_myeloid_adult/code/scrna_patient_qc.py	retained analysis source; upstream not executed in this release
05_myeloid_adult	data/analysis/total/code/scrna_patient_qc_sensitivity.py	scripts/05_myeloid_adult/code/scrna_patient_qc_sensitivity.py	retained analysis source; upstream not executed in this release
05_myeloid_adult	data/analysis/total/code/summarize_harmony_sensitivity.py	scripts/05_myeloid_adult/code/summarize_harmony_sensitivity.py	retained analysis source; upstream not executed in this release
05_myeloid_adult	data/analysis/total/code/target_global_axis_qc.py	scripts/05_myeloid_adult/code/target_global_axis_qc.py	retained analysis source; upstream not executed in this release
05_myeloid_adult	data/analysis/total/code/target_qc_limma_sensitivity.R	scripts/05_myeloid_adult/code/target_qc_limma_sensitivity.R	retained analysis source; upstream not executed in this release
05_myeloid_adult	data/analysis/total/code/target_star_raw_qc.py	scripts/05_myeloid_adult/code/target_star_raw_qc.py	retained analysis source; upstream not executed in this release
05_myeloid_adult	data/analysis/total/code/target_survival_diagnostics.R	scripts/05_myeloid_adult/code/target_survival_diagnostics.R	retained analysis source; upstream not executed in this release
04_matching_external	data/analysis/total/code/three_gene_patient_aggregate.py	scripts/04_matching_external/code/three_gene_patient_aggregate.py	retained analysis source; upstream not executed in this release
04_matching_external	data/analysis/total/code/three_gene_patient_validation.py	scripts/04_matching_external/code/three_gene_patient_validation.py	retained analysis source; upstream not executed in this release
04_matching_external	data/analysis/total/code/thymus_reference_aggregate.py	scripts/04_matching_external/code/thymus_reference_aggregate.py	retained analysis source; upstream not executed in this release
04_matching_external	data/analysis/total/code/thymus_reference_validation.py	scripts/04_matching_external/code/thymus_reference_validation.py	retained analysis source; upstream not executed in this release
04_matching_external	data/analysis/total/code/tlx_meta_sensitivity.py	scripts/04_matching_external/code/tlx_meta_sensitivity.py	retained analysis source; upstream not executed in this release
04_matching_external	data/analysis/total/code/tlx_split_validation.py	scripts/04_matching_external/code/tlx_split_validation.py	retained analysis source; upstream not executed in this release
04_matching_external	data/analysis/total/code/verify_core_references.py	scripts/04_matching_external/code/verify_core_references.py	retained analysis source; upstream not executed in this release
04_matching_external	data/analysis/total/code/zeb1_codependency.py	scripts/04_matching_external/code/zeb1_codependency.py	retained analysis source; upstream not executed in this release
04_matching_external	data/analysis/total/code/zeb1_notch_split_auc.py	scripts/04_matching_external/code/zeb1_notch_split_auc.py	retained analysis source; upstream not executed in this release
04_matching_external	data/analysis/total/code/zeb1_tall8_forensic.py	scripts/04_matching_external/code/zeb1_tall8_forensic.py	retained analysis source; upstream not executed in this release
02_balance	data/analysis/total/code/zeb_balance_daunorubicin.py	scripts/02_balance/code/zeb_balance_daunorubicin.py	retained analysis source; upstream not executed in this release
04_matching_external	data/analysis/total/code/zeb_chromatin_summarize.R	scripts/04_matching_external/code/zeb_chromatin_summarize.R	retained analysis source; upstream not executed in this release
02_balance	data/analysis/total/code/zeb_developmental_residual.R	scripts/02_balance/code/zeb_developmental_residual.R	retained analysis source; upstream not executed in this release
02_balance	data/analysis/total/code/zeb_dev_axis_round2.R	scripts/02_balance/code/zeb_dev_axis_round2.R	retained analysis source; upstream not executed in this release
04_matching_external	data/analysis/total/code/zeb_family_subtype_state.py	scripts/04_matching_external/code/zeb_family_subtype_state.py	retained analysis source; upstream not executed in this release
03_frozen_programs	data/analysis/total/code/dormant_lic/gse260697_gate2.py	scripts/03_frozen_programs/code/dormant_lic/gse260697_gate2.py	retained analysis source; upstream not executed in this release
04_matching_external	data/analysis/total/code/dormant_lic/gse260948_gate1.py	scripts/04_matching_external/code/dormant_lic/gse260948_gate1.py	retained analysis source; upstream not executed in this release
04_matching_external	data/analysis/total/code/dormant_lic/inspect_inputs.sh	scripts/04_matching_external/code/dormant_lic/inspect_inputs.sh	retained analysis source; upstream not executed in this release
03_frozen_programs	data/analysis/total/code/dormant_lic/overnight_gate3.py	scripts/03_frozen_programs/code/dormant_lic/overnight_gate3.py	retained analysis source; upstream not executed in this release
04_matching_external	data/analysis/total/code/dormant_lic/peek_260697.sh	scripts/04_matching_external/code/dormant_lic/peek_260697.sh	retained analysis source; upstream not executed in this release
04_matching_external	data/analysis/total/code/dormant_lic/peek_287751.py	scripts/04_matching_external/code/dormant_lic/peek_287751.py	retained analysis source; upstream not executed in this release
04_matching_external	data/analysis/total/code/dormant_lic/probe_cycle.py	scripts/04_matching_external/code/dormant_lic/probe_cycle.py	retained analysis source; upstream not executed in this release
04_matching_external	data/analysis/total/code/dormant_lic/probe_cycle2.sh	scripts/04_matching_external/code/dormant_lic/probe_cycle2.sh	retained analysis source; upstream not executed in this release
04_matching_external	data/analysis/total/code/dormant_lic/probe_cycle3.sh	scripts/04_matching_external/code/dormant_lic/probe_cycle3.sh	retained analysis source; upstream not executed in this release
04_matching_external	data/analysis/total/code/dormant_lic/probe_hulu.sh	scripts/04_matching_external/code/dormant_lic/probe_hulu.sh	retained analysis source; upstream not executed in this release
04_matching_external	data/analysis/total/code/dormant_lic/score_gate1_activity.py	scripts/04_matching_external/code/dormant_lic/score_gate1_activity.py	retained analysis source; upstream not executed in this release
04_matching_external	data/analysis/total/rebuild_2026/code/audit_rebuilt_references.py	scripts/04_matching_external/rebuild_2026/code/audit_rebuilt_references.py	retained analysis source; upstream not executed in this release
04_matching_external	data/analysis/total/rebuild_2026/code/audit_submission_integrity.py	scripts/04_matching_external/rebuild_2026/code/audit_submission_integrity.py	retained analysis source; upstream not executed in this release
04_matching_external	data/analysis/total/rebuild_2026/code/repair_reference_selection.py	scripts/04_matching_external/rebuild_2026/code/repair_reference_selection.py	retained analysis source; upstream not executed in this release
04_matching_external	data/analysis/total/rebuild_2026/code/repair_s4d_r2.py	scripts/04_matching_external/rebuild_2026/code/repair_s4d_r2.py	retained analysis source; upstream not executed in this release
05_myeloid_adult	data/analysis/total/rebuild_2026/code/revision2_clinical_sensitivity.R	scripts/05_myeloid_adult/rebuild_2026/code/revision2_clinical_sensitivity.R	retained analysis source; upstream not executed in this release
03_frozen_programs	data/analysis/total/rebuild_2026/code/revision2_statistical_hardening.R	scripts/03_frozen_programs/rebuild_2026/code/revision2_statistical_hardening.R	retained analysis source; upstream not executed in this release
04_matching_external	data/analysis/total/rebuild_2026/code/revision3_fix_normal_unit_labels.py	scripts/04_matching_external/rebuild_2026/code/revision3_fix_normal_unit_labels.py	retained analysis source; upstream not executed in this release
04_matching_external	data/analysis/total/rebuild_2026/code/revision3_reviewer_robustness.R	scripts/04_matching_external/rebuild_2026/code/revision3_reviewer_robustness.R	retained analysis source; upstream not executed in this release
03_frozen_programs	data/analysis/total/rebuild_2026/code/revision4_matched_program.R	scripts/03_frozen_programs/rebuild_2026/code/revision4_matched_program.R	retained analysis source; upstream not executed in this release
05_myeloid_adult	data/analysis/total/rebuild_2026/code/revision4_targeted_sensitivity.R	scripts/05_myeloid_adult/rebuild_2026/code/revision4_targeted_sensitivity.R	retained analysis source; upstream not executed in this release
04_matching_external	data/analysis/total/rebuild_2026/code/theme_nature.R	scripts/04_matching_external/rebuild_2026/code/theme_nature.R	retained analysis source; upstream not executed in this release
07_tables	data/analysis/total/rebuild_2026/code/verify_delivery_manifest.py	scripts/07_tables/rebuild_2026/code/verify_delivery_manifest.py	retained analysis source; upstream not executed in this release
04_matching_external	data/analysis/total/rebuild_2026/code/deepen_2026/a1_external_residual_validation.R	scripts/04_matching_external/rebuild_2026/code/deepen_2026/a1_external_residual_validation.R	retained analysis source; upstream not executed in this release
04_matching_external	data/analysis/total/rebuild_2026/code/deepen_2026/a3_chip_hichip_zeb_loci.py	scripts/04_matching_external/rebuild_2026/code/deepen_2026/a3_chip_hichip_zeb_loci.py	retained analysis source; upstream not executed in this release
04_matching_external	data/analysis/total/rebuild_2026/code/deepen_2026/a3_download_peaks_bedpe.py	scripts/04_matching_external/rebuild_2026/code/deepen_2026/a3_download_peaks_bedpe.py	retained analysis source; upstream not executed in this release
04_matching_external	data/analysis/total/rebuild_2026/code/deepen_2026/a3_fetch_chip_hichip.py	scripts/04_matching_external/rebuild_2026/code/deepen_2026/a3_fetch_chip_hichip.py	retained analysis source; upstream not executed in this release
04_matching_external	data/analysis/total/rebuild_2026/code/deepen_2026/a3_fetch_remaining.py	scripts/04_matching_external/rebuild_2026/code/deepen_2026/a3_fetch_remaining.py	retained analysis source; upstream not executed in this release
04_matching_external	data/analysis/total/rebuild_2026/code/deepen_2026/a3_gse173432_perturbation.R	scripts/04_matching_external/rebuild_2026/code/deepen_2026/a3_gse173432_perturbation.R	retained analysis source; upstream not executed in this release
04_matching_external	data/analysis/total/rebuild_2026/code/deepen_2026/a3_hulu_fetch.sh	scripts/04_matching_external/rebuild_2026/code/deepen_2026/a3_hulu_fetch.sh	retained analysis source; upstream not executed in this release
04_matching_external	data/analysis/total/rebuild_2026/code/deepen_2026/a3_hulu_fetch_gsm.py	scripts/04_matching_external/rebuild_2026/code/deepen_2026/a3_hulu_fetch_gsm.py	retained analysis source; upstream not executed in this release
04_matching_external	data/analysis/total/rebuild_2026/code/deepen_2026/a3_hulu_wget.sh	scripts/04_matching_external/rebuild_2026/code/deepen_2026/a3_hulu_wget.sh	retained analysis source; upstream not executed in this release
04_matching_external	data/analysis/total/rebuild_2026/code/deepen_2026/a3_list_geo_suppl.py	scripts/04_matching_external/rebuild_2026/code/deepen_2026/a3_list_geo_suppl.py	retained analysis source; upstream not executed in this release
04_matching_external	data/analysis/total/rebuild_2026/code/deepen_2026/a3_list_gsm_suppl.py	scripts/04_matching_external/rebuild_2026/code/deepen_2026/a3_list_gsm_suppl.py	retained analysis source; upstream not executed in this release
04_matching_external	data/analysis/total/rebuild_2026/code/deepen_2026/a3_local_geo_cgi.py	scripts/04_matching_external/rebuild_2026/code/deepen_2026/a3_local_geo_cgi.py	retained analysis source; upstream not executed in this release
05_myeloid_adult	data/analysis/total/rebuild_2026/code/deepen_2026/a4a_cite_pseudobulk.py	scripts/05_myeloid_adult/rebuild_2026/code/deepen_2026/a4a_cite_pseudobulk.py	retained analysis source; upstream not executed in this release
04_matching_external	data/analysis/total/rebuild_2026/code/deepen_2026/a4a_extract_five_genes.py	scripts/04_matching_external/rebuild_2026/code/deepen_2026/a4a_extract_five_genes.py	retained analysis source; upstream not executed in this release
04_matching_external	data/analysis/total/rebuild_2026/code/deepen_2026/a4a_from_five_genes.py	scripts/04_matching_external/rebuild_2026/code/deepen_2026/a4a_from_five_genes.py	retained analysis source; upstream not executed in this release
04_matching_external	data/analysis/total/rebuild_2026/code/deepen_2026/a4a_locked_poles.py	scripts/04_matching_external/rebuild_2026/code/deepen_2026/a4a_locked_poles.py	retained analysis source; upstream not executed in this release
04_matching_external	data/analysis/total/rebuild_2026/code/deepen_2026/a4b_cma_tstate.py	scripts/04_matching_external/rebuild_2026/code/deepen_2026/a4b_cma_tstate.py	retained analysis source; upstream not executed in this release
04_matching_external	data/analysis/total/rebuild_2026/code/deepen_2026/a4c_visium_detection.py	scripts/04_matching_external/rebuild_2026/code/deepen_2026/a4c_visium_detection.py	retained analysis source; upstream not executed in this release
04_matching_external	data/analysis/total/rebuild_2026/code/deepen_2026/a4_close_donor_stats.py	scripts/04_matching_external/rebuild_2026/code/deepen_2026/a4_close_donor_stats.py	retained analysis source; upstream not executed in this release
04_matching_external	data/analysis/total/rebuild_2026/code/deepen_2026/a4_download_tcell_atlas.py	scripts/04_matching_external/rebuild_2026/code/deepen_2026/a4_download_tcell_atlas.py	retained analysis source; upstream not executed in this release
04_matching_external	data/analysis/total/rebuild_2026/code/deepen_2026/a4_download_visium_pediatric.py	scripts/04_matching_external/rebuild_2026/code/deepen_2026/a4_download_visium_pediatric.py	retained analysis source; upstream not executed in this release
04_matching_external	data/analysis/total/rebuild_2026/code/deepen_2026/a4_hulu_cite_rds.sh	scripts/04_matching_external/rebuild_2026/code/deepen_2026/a4_hulu_cite_rds.sh	retained analysis source; upstream not executed in this release
04_matching_external	data/analysis/total/rebuild_2026/code/deepen_2026/a4_inspect_cellxgene_meta.py	scripts/04_matching_external/rebuild_2026/code/deepen_2026/a4_inspect_cellxgene_meta.py	retained analysis source; upstream not executed in this release
04_matching_external	data/analysis/total/rebuild_2026/code/deepen_2026/a4_inspect_tcell_atlas.py	scripts/04_matching_external/rebuild_2026/code/deepen_2026/a4_inspect_tcell_atlas.py	retained analysis source; upstream not executed in this release
04_matching_external	data/analysis/total/rebuild_2026/code/deepen_2026/a4_inspect_tcell_atlas2.py	scripts/04_matching_external/rebuild_2026/code/deepen_2026/a4_inspect_tcell_atlas2.py	retained analysis source; upstream not executed in this release
04_matching_external	data/analysis/total/rebuild_2026/code/deepen_2026/a4_inspect_visium_pediatric.py	scripts/04_matching_external/rebuild_2026/code/deepen_2026/a4_inspect_visium_pediatric.py	retained analysis source; upstream not executed in this release
04_matching_external	data/analysis/total/rebuild_2026/code/deepen_2026/a4_list_yayon_geo.py	scripts/04_matching_external/rebuild_2026/code/deepen_2026/a4_list_yayon_geo.py	retained analysis source; upstream not executed in this release
04_matching_external	data/analysis/total/rebuild_2026/code/deepen_2026/a4_parse_cellxgene.py	scripts/04_matching_external/rebuild_2026/code/deepen_2026/a4_parse_cellxgene.py	retained analysis source; upstream not executed in this release
04_matching_external	data/analysis/total/rebuild_2026/code/deepen_2026/a5_download_gse234608.py	scripts/04_matching_external/rebuild_2026/code/deepen_2026/a5_download_gse234608.py	retained analysis source; upstream not executed in this release
04_matching_external	data/analysis/total/rebuild_2026/code/deepen_2026/a5_fetch_gse234608_meta.py	scripts/04_matching_external/rebuild_2026/code/deepen_2026/a5_fetch_gse234608_meta.py	retained analysis source; upstream not executed in this release
04_matching_external	data/analysis/total/rebuild_2026/code/deepen_2026/a5_gse234608_pregate.py	scripts/04_matching_external/rebuild_2026/code/deepen_2026/a5_gse234608_pregate.py	retained analysis source; upstream not executed in this release
04_matching_external	data/analysis/total/rebuild_2026/code/deepen_2026/a5_inspect_gse234608.py	scripts/04_matching_external/rebuild_2026/code/deepen_2026/a5_inspect_gse234608.py	retained analysis source; upstream not executed in this release
04_matching_external	data/analysis/total/rebuild_2026/code/deepen_2026/a5_list_gse234610.py	scripts/04_matching_external/rebuild_2026/code/deepen_2026/a5_list_gse234610.py	retained analysis source; upstream not executed in this release
04_matching_external	data/analysis/total/rebuild_2026/code/deepen_2026/a5_peek_truncated.py	scripts/04_matching_external/rebuild_2026/code/deepen_2026/a5_peek_truncated.py	retained analysis source; upstream not executed in this release
04_matching_external	data/analysis/total/rebuild_2026/code/deepen_2026/a65_gene_level_external.py	scripts/04_matching_external/rebuild_2026/code/deepen_2026/a65_gene_level_external.py	retained analysis source; upstream not executed in this release
04_matching_external	data/analysis/total/rebuild_2026/code/deepen_2026/a6_2_quadrant.py	scripts/04_matching_external/rebuild_2026/code/deepen_2026/a6_2_quadrant.py	retained analysis source; upstream not executed in this release
04_matching_external	data/analysis/total/rebuild_2026/code/deepen_2026/a6_3_cameraPR.R	scripts/04_matching_external/rebuild_2026/code/deepen_2026/a6_3_cameraPR.R	retained analysis source; upstream not executed in this release
04_matching_external	data/analysis/total/rebuild_2026/code/deepen_2026/a6_extract_frozen.py	scripts/04_matching_external/rebuild_2026/code/deepen_2026/a6_extract_frozen.py	retained analysis source; upstream not executed in this release
04_matching_external	data/analysis/total/rebuild_2026/code/deepen_2026/a6_run.py	scripts/04_matching_external/rebuild_2026/code/deepen_2026/a6_run.py	retained analysis source; upstream not executed in this release
04_matching_external	data/analysis/total/rebuild_2026/code/deepen_2026/a7b05_gse243914.py	scripts/04_matching_external/rebuild_2026/code/deepen_2026/a7b05_gse243914.py	retained analysis source; upstream not executed in this release
04_matching_external	data/analysis/total/rebuild_2026/code/deepen_2026/a7b0_pregate_metadata.py	scripts/04_matching_external/rebuild_2026/code/deepen_2026/a7b0_pregate_metadata.py	retained analysis source; upstream not executed in this release
04_matching_external	data/analysis/total/rebuild_2026/code/deepen_2026/a7b_scores.R	scripts/04_matching_external/rebuild_2026/code/deepen_2026/a7b_scores.R	retained analysis source; upstream not executed in this release
04_matching_external	data/analysis/total/rebuild_2026/code/deepen_2026/a7b_stream_counts.py	scripts/04_matching_external/rebuild_2026/code/deepen_2026/a7b_stream_counts.py	retained analysis source; upstream not executed in this release
04_matching_external	data/analysis/total/rebuild_2026/code/deepen_2026/a7c_run.py	scripts/04_matching_external/rebuild_2026/code/deepen_2026/a7c_run.py	retained analysis source; upstream not executed in this release
04_matching_external	data/analysis/total/rebuild_2026/code/deepen_2026/a7_0_specimen.R	scripts/04_matching_external/rebuild_2026/code/deepen_2026/a7_0_specimen.R	retained analysis source; upstream not executed in this release
04_matching_external	data/analysis/total/rebuild_2026/code/deepen_2026/a7_hulu_inspect.R	scripts/04_matching_external/rebuild_2026/code/deepen_2026/a7_hulu_inspect.R	retained analysis source; upstream not executed in this release
04_matching_external	data/analysis/total/rebuild_2026/code/deepen_2026/a7_hulu_scores.R	scripts/04_matching_external/rebuild_2026/code/deepen_2026/a7_hulu_scores.R	retained analysis source; upstream not executed in this release
04_matching_external	data/analysis/total/rebuild_2026/code/deepen_2026/a7_hulu_seurat.sh	scripts/04_matching_external/rebuild_2026/code/deepen_2026/a7_hulu_seurat.sh	retained analysis source; upstream not executed in this release
04_matching_external	data/analysis/total/rebuild_2026/code/deepen_2026/a7_inspect_seurat.R	scripts/04_matching_external/rebuild_2026/code/deepen_2026/a7_inspect_seurat.R	retained analysis source; upstream not executed in this release
04_matching_external	data/analysis/total/rebuild_2026/code/deepen_2026/a7_list_gse253355.py	scripts/04_matching_external/rebuild_2026/code/deepen_2026/a7_list_gse253355.py	retained analysis source; upstream not executed in this release
04_matching_external	data/analysis/total/rebuild_2026/code/deepen_2026/a8_1_scores.R	scripts/04_matching_external/rebuild_2026/code/deepen_2026/a8_1_scores.R	retained analysis source; upstream not executed in this release
04_matching_external	data/analysis/total/rebuild_2026/code/deepen_2026/a8_2_install_and_run.R	scripts/04_matching_external/rebuild_2026/code/deepen_2026/a8_2_install_and_run.R	retained analysis source; upstream not executed in this release
04_matching_external	data/analysis/total/rebuild_2026/code/deepen_2026/a8_2_summarize.py	scripts/04_matching_external/rebuild_2026/code/deepen_2026/a8_2_summarize.py	retained analysis source; upstream not executed in this release
04_matching_external	data/analysis/total/rebuild_2026/code/deepen_2026/a8_build_counts.py	scripts/04_matching_external/rebuild_2026/code/deepen_2026/a8_build_counts.py	retained analysis source; upstream not executed in this release
04_matching_external	data/analysis/total/rebuild_2026/code/deepen_2026/a8_hulu_check.R	scripts/04_matching_external/rebuild_2026/code/deepen_2026/a8_hulu_check.R	retained analysis source; upstream not executed in this release
04_matching_external	data/analysis/total/rebuild_2026/code/deepen_2026/a8_hulu_classify.R	scripts/04_matching_external/rebuild_2026/code/deepen_2026/a8_hulu_classify.R	retained analysis source; upstream not executed in this release
04_matching_external	data/analysis/total/rebuild_2026/code/deepen_2026/a8_hulu_finish_install.R	scripts/04_matching_external/rebuild_2026/code/deepen_2026/a8_hulu_finish_install.R	retained analysis source; upstream not executed in this release
04_matching_external	data/analysis/total/rebuild_2026/code/deepen_2026/a8_hulu_install_run.R	scripts/04_matching_external/rebuild_2026/code/deepen_2026/a8_hulu_install_run.R	retained analysis source; upstream not executed in this release
04_matching_external	data/analysis/total/rebuild_2026/code/deepen_2026/a8_hulu_rest_pkgs.R	scripts/04_matching_external/rebuild_2026/code/deepen_2026/a8_hulu_rest_pkgs.R	retained analysis source; upstream not executed in this release
04_matching_external	data/analysis/total/rebuild_2026/code/deepen_2026/aieop120_official_residual_validation.py	scripts/04_matching_external/rebuild_2026/code/deepen_2026/aieop120_official_residual_validation.py	retained analysis source; upstream not executed in this release
04_matching_external	data/analysis/total/rebuild_2026/code/deepen_2026/gate1_aieop_classifier_anchor.py	scripts/04_matching_external/rebuild_2026/code/deepen_2026/gate1_aieop_classifier_anchor.py	retained analysis source; upstream not executed in this release
03_frozen_programs	data/analysis/total/rebuild_2026/code/deepen_2026/gate2_freeze_residual_program.R	scripts/03_frozen_programs/rebuild_2026/code/deepen_2026/gate2_freeze_residual_program.R	retained analysis source; upstream not executed in this release
03_frozen_programs	data/analysis/total/rebuild_2026/code/deepen_2026/gate2_pc3_loadings.R	scripts/03_frozen_programs/rebuild_2026/code/deepen_2026/gate2_pc3_loadings.R	retained analysis source; upstream not executed in this release
03_frozen_programs	data/analysis/total/rebuild_2026/code/deepen_2026/gate3_gse146901_program_scores.py	scripts/03_frozen_programs/rebuild_2026/code/deepen_2026/gate3_gse146901_program_scores.py	retained analysis source; upstream not executed in this release
03_frozen_programs	data/analysis/total/rebuild_2026/code/deepen_2026/gate3_program_cross_validation.R	scripts/03_frozen_programs/rebuild_2026/code/deepen_2026/gate3_program_cross_validation.R	retained analysis source; upstream not executed in this release
04_matching_external	data/analysis/total/rebuild_2026/code/deepen_2026/heldout_and_batch_sensitivity.R	scripts/04_matching_external/rebuild_2026/code/deepen_2026/heldout_and_batch_sensitivity.R	retained analysis source; upstream not executed in this release
04_matching_external	data/analysis/total/rebuild_2026/code/deepen_2026/inspect_gse272023_ids.py	scripts/04_matching_external/rebuild_2026/code/deepen_2026/inspect_gse272023_ids.py	retained analysis source; upstream not executed in this release
04_matching_external	data/analysis/total/rebuild_2026/code/deepen_2026/parse_clintall_s9.py	scripts/04_matching_external/rebuild_2026/code/deepen_2026/parse_clintall_s9.py	retained analysis source; upstream not executed in this release
04_matching_external	data/analysis/total/rebuild_2026/code/deepen_2026/prepare_aieop_clintall_gex.py	scripts/04_matching_external/rebuild_2026/code/deepen_2026/prepare_aieop_clintall_gex.py	retained analysis source; upstream not executed in this release
04_matching_external	data/analysis/total/rebuild_2026/code/deepen_2026/residual_associated_program.R	scripts/04_matching_external/rebuild_2026/code/deepen_2026/residual_associated_program.R	retained analysis source; upstream not executed in this release
04_matching_external	data/analysis/total/rebuild_2026/code/deepen_2026/write_batch_map.py	scripts/04_matching_external/rebuild_2026/code/deepen_2026/write_batch_map.py	retained analysis source; upstream not executed in this release
04_matching_external	data/analysis/total/rebuild_2026/code/deepen_2026/zeb_direct_lesion_audit.R	scripts/04_matching_external/rebuild_2026/code/deepen_2026/zeb_direct_lesion_audit.R	retained analysis source; upstream not executed in this release
04_matching_external	data/analysis/total/rebuild_2026/code/deepen_2026/singscore_stub/R/singscore.R	scripts/04_matching_external/rebuild_2026/code/deepen_2026/singscore_stub/R/singscore.R	retained analysis source; upstream not executed in this release
