path	bytes	sha256
.agents/skills/zeb1-reproducibility-framework/references/research/01-reproducibility.md	11664	8f174fe806540f888473fc9121242a3d4aeb43965b64f0dbc03253c33fadea86
.agents/skills/zeb1-reproducibility-framework/references/research/02-visualization.md	12893	1d16d282835db4e1860d3968166fdd56cd2586522dd394d9f9c55c0c9c162b63
.agents/skills/zeb1-reproducibility-framework/references/research/03-release.md	10498	2cb209500e0b2c23eac85ee07e731a868e93046e0fea918131f3d8f8725ed38d
.agents/skills/zeb1-reproducibility-framework/SKILL.md	6628	aaa329ed15e0927b9fa49f18ba441dceb1ba1db53836d0026c27c37b3edf4843
.gitattributes	114	a54c447ebe84146d2ae7230fbfe052ce0d48a6b1ea8a0bf5a4b8d2478c24b3f0
.gitignore	238	f7dcb90ac6bfded34464401d76705ac52adfa7c67b413aa1a6ab00fa56fb35b5
CITATION.cff	307	74bd6e1832d64467055853d7f6964c464ce1cb06f00a6335529f862010fcd97d
data/dataset_index.tsv	36301	e2b1fc8d40ec102c70965168d96a0704f33343391ee850d576e5f8dbaaf4b75a
data/metadata/accession_table.csv	5181	2eb8050c4c58a2dc3a5df97efed57737905696d4a8f21b2571d77b772933eeb6
data/metadata/frozen_genes.tsv	15575	12a45082bc7630133db2c15df8eec2d2aaaac1d2e5c18231d317eec7f0f840aa
data/metadata/sample_metadata.schema.csv	71	89a3e010b8b7b5fb1e3f083ccc8468cb4879319c4022f5fec6c119535929a40c
data/processed/README.md	305	ed5fa4092b1f174e585cf4597f5cffc80e418a36d74df6d2441c7d48dd1f7e2d
data/raw/README.md	305	ed5fa4092b1f174e585cf4597f5cffc80e418a36d74df6d2441c7d48dd1f7e2d
data/README.md	861	8be8ce150e5cb55d2491f7983479029c8a714ffe978a3f6a24d441c5d6734137
docs/analysis_notes.md	1588	464b8ac2a28ce5a99c558a71a0b578f5b2c4f0442d96a4d8cffc99b34ac6d6bd
docs/data_verification.md	2270	dbd1a920d4f97d648e872325a74759561925ac9f2ab2cf279661e5b894ab104c
docs/delivery_verification.json	4354	e15afd80c6d1c5b9215d43e4234d0bcbd4b3c34c659f407d8d6254792e392e42
docs/environment_limits.md	500	acdb822d36623698c56f811d0a0ac6e58c6d275c23e0b422730771891596518a
docs/local_plot_input_manifest.json	14072	0d58ec3cc2bf181e207bce72729b991fd610affcfabacd12dfa4c16b2b143ba5
docs/optimization_review.md	1662	0627b230ce6af31bbce10059306731e8eaad661f709c872c8e2fe4efbc8ff1d8
docs/output_isolation.json	2651	f901faa7e50f7bda1aa9068f93693055f59782f6d893ad0ceedf4a981b432311
docs/panel7f_review.json	430	4af02424fd69ff80d2f9913fa10fed07666ca8d2b4f3addc74d2baf858e38c21
docs/render_verification.json	4820	17d84c3b9a36a89053bc8512daf6f6858154223da5abb5e8ed4f93b995cd74c2
docs/session_info.json	572	34657f8276ae83ee08602928f8a15845540929f5af8c9fc79897095163a01346
docs/skill_application.md	2045	1a8155fc49ad252c4f3be62d0291dc659061cede4b05ea0d221b47d7474f6ab2
docs/supplementary_methods.md	337	0b1588f040e1aec0c9075855897a1b17495651102fe6a8816fbf4270675888eb
environment.yml	291	b456dce1145d44ed072efe6242d9fe030d11bf1c778723e745759546caeb1a63
LICENSE	1438	28fd10afb5ba0c190f1ca378a503eaab7780bf00898e3610de4ebb1107cee500
Makefile	42	e973cb6a28d32f8be7154ef75c75178bbc415e51b7ab1dcf21b63082efd3e3cc
manuscript/README.md	198	c07cd19c8ad37f0cab76b5a3eed0221928d9cea9419709d9daefdaff4f187561
README.md	2545	c9115761e971e7f156f2f7b0e5724c253c0a5167ac991274fbb1ca46ac2c27cf
renv.lock	815	a2e77b79332fe503182f2592bb6d92881b1cb72b59aec07d1fd3ce8e0ff09fb9
requirements.txt	128	e543d5d8bbc263e57f6b51e83d804bcae45431a38899f60599ecdba0a5ba67ec
results/figures/Figure1.pdf	1587057	86565154ef7a0291dc9b61179a502938af5475dfb75dc44eb93081d36230187a
results/figures/Figure1.png	791737	df97535984563d6da4f271cdc04619ddceb600c6ede33c2a25399b44705ea4c2
results/figures/Figure1.svg	202735	8335ffcee7e97d9a879e7d0bd0c72e3fec013df01d664df133ab1a79acf07e2e
results/figures/Figure2.pdf	307498	3f5a4185173045d53ed4419f1a7c8f7b1d7006fd99e93c9c0dedda73cc9a892d
results/figures/Figure2.png	381327	7a04aa3c0179cba0addeaa80cbfdcfedc80fc8a930b877bf367ced05a493406d
results/figures/Figure2.svg	86924	2bc56bfa24d1d33817c60985e9685c014acc457dd21b5486b0afb45e16e10421
results/figures/Figure3.pdf	133786	f5766932d5fe734900918c66a0553e36c0316d9e1ea39dd9188ecf66ac5de701
results/figures/Figure3.png	319331	dfd6a12773e68e8c9bc1f59092cabaef2558a163e600a89b8ca23aa33e935ce3
results/figures/Figure3.svg	158169	896c5b005b50e01f582c87b2dd81deb835708ca36cf5ad3ab3363fa5c9a53cb6
results/figures/Figure4.pdf	126451	33d449379480b3594922b6d3a6d56a447f0c92de8cc5fe4c3ff3a66a5c64b059
results/figures/Figure4.png	291647	7572aee4fb2fdc623121b4ce1202e690de7a6941ece0e2f50bde508dc288712a
results/figures/Figure4.svg	92491	061c6a6d7ad822c39cdea745773d3ace63633dbf284a1947fd15abab6ad076d7
results/figures/Figure5.pdf	213099	ce7640fc9dd938902455d5649a0d4b3ebcaa4a0119aee22db3aef06d35990f12
results/figures/Figure5.png	394607	22e6342ada0f7f1aa22a2d652ce5b20635a7e93acc6a187c23d340ee3e31f312
results/figures/Figure5.svg	74918	4969937266fb0300f3c5050d75c24c8f7e65d645681de46519c65fba44ab9650
results/figures/Figure6.pdf	67605	b8bb1b3ac6de14a98172f874aba8c6443653303b03f5f7e336202e5957249406
results/figures/Figure6.png	252000	0265e8b6f8e8294fc9af538643b8540b2e2cd2c2780ffad35060139c049044f3
results/figures/Figure6.svg	66042	7d7492d8ee2f95c7561f0009240a64ad8cc60bebc1cb143496a1e2768f9eaa43
results/figures/Figure7.pdf	87022	fa0e1ea7c06d7c5646aae6896f3bce554dc6d13d68eb46da59f422f3f0a2d5e1
results/figures/Figure7.png	383452	ed7263777a8eac1ee8b0f30a7929d145cd3435773be2708b22e5eed5825b2584
results/figures/Figure7.svg	188077	9e0a3c32151034f2e0cbfdcf3cc389bd5c1895172216506b7de1ca01a34365ad
results/figures/FigureS1.pdf	70894	4d871e068826937ce5697c70688abb230929bc7f37e940efbfbc2b5139bbfdb5
results/figures/FigureS1.png	293775	dfc9dc56de303c075d617201a127df1c26e50bf2b3deb26a455115e544cc6be6
results/figures/FigureS1.svg	64407	93a967698c6d51583e8ae5024dad558a1c5e8a0406214618e38e3094d62497e9
results/figures/FigureS10.pdf	71313	5f3f4b31b39470d6da35488fc2a430c0d05e26d1d297944a02bcc20788639fb9
results/figures/FigureS10.png	311850	4fa0eccf3ebd98cce0f46a55473f43c41d01206f4b649e076517d1626c27add4
results/figures/FigureS10.svg	81272	71d214dfd51d61a232da94317f849a17ed89b815ec0afa9380f85e9460d1b17d
results/figures/FigureS11.pdf	102665	4b16b0985d264890754273661182c66260132673f6efee49f219bf56decce465
results/figures/FigureS11.png	351657	37bd05813662c2cd639855212aaa52302acf932090f63df0fd2a279b200397e7
results/figures/FigureS11.svg	74888	59dadbd8140488380f1b967ac7113f59c5a606180670b7e20e6701aa63a1f4f3
results/figures/FigureS12.pdf	67567	fdc3ef7829489266dc43450228a801e05e65b38a95f2dc04c4b210a4e6f38d07
results/figures/FigureS12.png	333511	776a02e4234c7288d3d1a6d8d4e9d4e3137d1439a5d13b7f5620260739dd1f9c
results/figures/FigureS12.svg	59937	16a489b18fc49dad7ca34ad91ad9598671d210e076a6b444ffa85aa244751ee2
results/figures/FigureS13.pdf	59341	c485efdaee6f54a7c905f4da1ab3c8b6ccde95b7056e0467641df364831f9958
results/figures/FigureS13.png	228860	ebf158bc821e56762598a3699349bb9c4302e86071d5ea19328617f3589b6046
results/figures/FigureS13.svg	68101	ab8289efd744e361cf6b03ccf69598d872dbdc0ab022d33eb06b1ce5e6331b25
results/figures/FigureS2.pdf	78293	c5ef6134e2f41afbf248f1525c83b20c331f9c574f8cfbee671e7ea1207fb72e
results/figures/FigureS2.png	304586	74f7b2feaed2d6ead62fb479bb09ebaca13ba788d1ba23acd659dc8b523e0ebc
results/figures/FigureS2.svg	110893	779d5ac8a3db30fb117ef84f0da89353be63ad975107c0ddaaf6844d8c9677d4
results/figures/FigureS3.pdf	59614	ef72f6cd261c3eeb780cbbcd1fa70996190180626f30e3d40bc6e4b8026f75d8
results/figures/FigureS3.png	338637	18c252b0903aef200779cc361d1ecce7103b9f3743c35f9452154f3a5acb1773
results/figures/FigureS3.svg	48613	34787cebf60201407b60c6ef6643ca6f068e939a858251755a49af132d4a509a
results/figures/FigureS4.pdf	85588	62bc7ab3b0a32a8f8449c5b69f1236a58c375acdf635223e525fb75f181c8129
results/figures/FigureS4.png	273851	b8afe49152eae6d5a52fde60dc64132683142f30ec540af05780527d0e6f5d8e
results/figures/FigureS4.svg	88980	d7f9d1828c461ba31d71d072df30e98292845b4c84ec6fb87fe46d6baeefb11d
results/figures/FigureS5.pdf	75855	2b5215fdfac2685cdb3493fc59c2998abbb148676db1f2db0e0ed98eae19ff9c
results/figures/FigureS5.png	280522	6880e98590f5b61aa7a24e32d0b5dc8710f935f6a614ddb642fb7b2460901009
results/figures/FigureS5.svg	79248	4951c263b4e0ae7c583a158325666c3c1f9524906ec5f7d08b12aae2789c09a5
results/figures/FigureS6.pdf	70804	12fbcdd2cb3531bd3b8e05fa45df1a6e12f138d97f23e200f4939f20b0fd4221
results/figures/FigureS6.png	241688	b99660c90f30327c3855b81b025cd9ee588e47b18d207d101a5bbd214de2b116
results/figures/FigureS6.svg	55554	5153431973a49de613e2cdd7506dd057487435100fc45fe057c49b4b9f154dbb
results/figures/FigureS7.pdf	62622	73836c2493f34218b4dd93cc79f74d6c1eff58bcf8f46fd4cc8d290fac6a6c35
results/figures/FigureS7.png	206609	6e4f7afc7fbc4b1d0fda383030083e9900dc3cbad6a9fd7986b35ed3fc213e66
results/figures/FigureS7.svg	45722	1ed3268fb967c4f801dd3d0dadb2af6134b38d19c11c0f5839dac4edfe5d89c0
results/figures/FigureS8.pdf	68139	28c30319637baf81e14b348a0120a38073560a1d64d70a8ea398413e0eaeda84
results/figures/FigureS8.png	307199	eac75776f3f4ac245b29f6c2e91aad2813edabf7da44a0761a7552b42eb0e976
results/figures/FigureS8.svg	95031	a73ec394bc472b6df3bb4586fb5f50b1b7c416c6ec0387f6da7a2749cf060bb8
results/figures/FigureS9.pdf	56601	0ed1ee0ea4bdaf9b78de936db6daeba6e7080dc52944f636c7d30466d9750f97
results/figures/FigureS9.png	291727	30f56e203fb685ea12b957a6b8f9caf1423edb39eaf436250ceea6d841ae86ca
results/figures/FigureS9.svg	72234	fb774afa3b5415562cb3579e4df0f86694f623233eb5ea24515afd7d9abf292c
results/objects/README.md	61	c2d33eafd35484d3aa0cc926716e5130bb8503c22fd88345584e4fa5215975cb
results/tables/README.md	244	d4e6c0e15da10891857b45280c1647435d71d02b7b92c66becfb0c5709cf5244
run_all.ps1	303	5ec8f70f2f0bf99ce10746868d6ca109b05a2f0b6cf27a0b66caa243ded5dce8
run_all.sh	182	96e2503d44025e6fe3f48748ec68c47f3790402366b03f13f73cadeeeb3f57c4
scripts/00_download/README.md	292	a4e8054ab2a384e0f4ade7ab79c3331b21991b50bc4a56392f0dbd90a77ecada
scripts/01_preprocess/modules/module1/code/00_check_py_r.sh	865	fbe0ca619ea6f7b6210ec6ba1a1f9270457217f6caab5348d53d0ca0c92466a9
scripts/01_preprocess/modules/module1/code/00_check_r_pkgs.R	259	123cc90101ff24c194ae6cca1608697e4ef9b94c353625eeb7d7d798d74c0ecd
scripts/01_preprocess/modules/module1/code/00_dump_clinical.R	1603	2e9199f50831260f4aed8c011bac480783e5cfa19ed95af14af7b71e353f36d5
scripts/01_preprocess/modules/module1/code/00_find_python.sh	782	7572591757df34c8068f861fcb5e3bbdbb84d06b3dd3475b6b1b1e869e7eaa54
scripts/01_preprocess/modules/module1/code/00_inspect_data.sh	2176	60c16da74d1ca09c1749fbaf954d7ce1528dae8fda807a972886faaab623ec51
scripts/01_preprocess/modules/module1/code/00_inspect_labels.py	3914	9ae981b9265876540051a8be4fbd8b87e4c69c36710829fd5dd737bc77c2e2af
scripts/01_preprocess/modules/module1/code/00_inspect_manifest.py	961	cef43d8bc6f75e1e5f485fd06d9d62c6a4500d9176067d314acc227cba46afd3
scripts/01_preprocess/modules/module1/code/00_inspect_target_pharm.py	3124	c92f18fd59c55943865a3adbadd6277af801ed3c8aec48b3bf3fc1f88d945873
scripts/01_preprocess/modules/module1/code/00_peek_gpl570.py	295	2cddeedc6a6bbca11240c025e3ce5498f7cc834e2bd87e7b2ceb67a5c51da24a
scripts/01_preprocess/modules/module1/code/01_prepare_module1.py	19634	84aeabe7ada6f119bc5c4dd3101c7d5e0cd004e474e313997cddbc97e492252a
scripts/01_preprocess/modules/module1/code/01a_export_clinical.R	3013	5a11e7e7bcb1b4ad922b55b56cf68282f46928f63ec741ca0ecd80169e4a0f7f
scripts/01_preprocess/modules/module1/code/02_analyze_module1.R	22395	1f86984271ad0efa538992ec8b16ebba220ba18bb8f53c3394ec0bb405daac72
scripts/01_preprocess/modules/module1/code/03_qa_module1.py	2086	b0823ecc2f6e94548b9484677e4fde44ec7061030f50014b68dcd0c1f2a924a0
scripts/01_preprocess/modules/module1/code/04_enrich_figures_code2.R	31134	641c1fe4024e184c25407142b7a58503bc2d057225f5dd6c154d4d513613a833
scripts/01_preprocess/modules/module1/code/05_fill_1.17.R	2985	5a8c3900a5f8831d0b40fb590c06bbc4a5756f1501cff14b2a340f6ef339d97e
scripts/01_preprocess/modules/module1/code/06_gse107011.R	12861	117ad9025df7dd69ae8fbd27d8178bd3cf0cb6813db6d3b84936480a968a09a3
scripts/01_preprocess/modules/module1/code/_pull_m1_fig.py	1135	93d265ae88ff8a0a2755c48ff3b013e9cdb8f1c37b3f05b429df9e599620d460
scripts/01_preprocess/modules/module1/code/run_enrich_module1.sh	330	fd4e2dba2d35b234d2467c285772ce4a272b188e2f7b7a46ae5af7eadeaf3657
scripts/01_preprocess/modules/module1/code/run_module1.sh	623	e169504d7d84d76c86ee78fc6bb37fd920c287fb60ea054a46753946318e074b
scripts/01_preprocess/modules/module10/code/01_prepare_module10.py	6634	b28c17b43665aa43a99ab7a0291259b99b04358554cf781e7efa5fd9aa87c362
scripts/01_preprocess/modules/module10/code/01b_optional_mouse.py	10693	529ca2f82f09d04c052aead01c1eed47015ac080b57e73827936c83ea49220eb
scripts/01_preprocess/modules/module10/code/01c_scrna.py	10752	7c707c9648855a6ac1a28901e6071d337382bceebe5cf987f3e8cf932077bb56
scripts/01_preprocess/modules/module10/code/02_analyze_module10.R	2381	c5b30f53efeeb0622640857bc40b77c23ffe3212b679431aa7c9e90066db2e7c
scripts/01_preprocess/modules/module10/code/02c_analyze_r2.R	4124	d3c08f4cb1c61ca9438662391efecec1c6a88c7c9266c36e159a203dc3cac1cd
scripts/01_preprocess/modules/module10/code/03_plot_optional.py	3456	646e156c62e371088e11f9bbf43cb9f5cdfacc716542ba96a2bb3325d67ef68b
scripts/01_preprocess/modules/module10/code/_launch_m10.py	1846	76b8a2f79affa7079c33cdb19d0cf8d5bcaeb0d51c7346e3f5aec0ed4206b069
scripts/01_preprocess/modules/module10/code/_launch_m10b.py	1928	357b25753779d67a56f9d1cb659453c45991ac7c705725c3f35a7e3f998efca0
scripts/01_preprocess/modules/module10/code/_pull_m10.py	876	32a031a0f76623acf9be3cd5866e4675d19a5ebe82b74b3ba80d631a652bbfe1
scripts/01_preprocess/modules/module10/code/run_module10.sh	535	fb0e3ec60404cfc6fbaf63cce32416e46aa1cc53489563d7079bbb2dff1e50cb
scripts/01_preprocess/modules/module2/code/01_prepare_module2.py	25463	caf0f17334e7c8829ec741f9285b42e80c2a7fe2724a9ee6ffb2cb432b6ac73c
scripts/01_preprocess/modules/module2/code/01b_fix_pharmacotype.py	5677	01784b8790fe163e3f92da0adacc31fa39c2fb2fabf295f2a458bf9c53532ee8
scripts/01_preprocess/modules/module2/code/01b_prepare_thymus.py	25720	5307c1a8f309f1cf2ef1eb86580d579086efc13942c8dd8f0159ee9fff117088
scripts/01_preprocess/modules/module2/code/02_analyze_module2.R	23241	4a10b7f877969a0e906e8882e32172aea3ff6a8c968c5248305cc2729934194b
scripts/01_preprocess/modules/module2/code/02b_analyze_thymus.R	12132	29047a9de934fe446eb23ee20ddc63ab5c044eab65b4feecbb87a5666433fc4b
scripts/01_preprocess/modules/module2/code/03_enrich_module2.R	38256	935f89ba916caa532cae6733bc060d568df865badd8f0fc6bff652f6dad4a740
scripts/01_preprocess/modules/module2/code/_pull_key_tsv.py	898	d3120053bb12ebec8cb6e1fa7eb06ada987996a05d0a145202af4a3307e49001
scripts/01_preprocess/modules/module2/code/_pull_m2_r2.py	2603	a713e5872e797dc1cd4ba176deeed50fb55e355de8332261161fd5e347b3ab16
scripts/01_preprocess/modules/module2/code/_pull_pdfs.py	2248	49078756049b3da7d293737b1e9883004ad4e2ee43faa35ca9f961b55432a541
scripts/01_preprocess/modules/module2/code/run_enrich_module2.sh	818	6ea527a35a286dbde7f4562cb5aad28155b84740fad1e2412f4d06f19518a04e
scripts/01_preprocess/modules/module2/code/run_m1_m8_m2.sh	1450	2d701c4a6576c05c430ebd3d48c01722573d88f980a82e9e9918743572c57a0f
scripts/01_preprocess/modules/module2/code/run_module2.sh	654	34f57167d8aa6a02ae310b90e613633f7d14528a107bd0b92cf2ca35a194dfff
scripts/01_preprocess/modules/module3/code/01_prepare_module3.py	16577	bf5bd76722c82ecefbb05121c76a00ae74cef9dd1d0dfa3889d08f67797c3a29
scripts/01_preprocess/modules/module3/code/01b_prepare_independent.py	12276	eb9132b1719ff931c8a3f15e05bff3745f53b5d1a9f091ef3818c89278f784a1
scripts/01_preprocess/modules/module3/code/01d_fix_labels.py	8661	fe83210005b1c1747df89a24cb35e6c6e0eb037d47ac4ccdd60f1295a81f797e
scripts/01_preprocess/modules/module3/code/02_analyze_module3.R	24574	d5af2f244ad6ff6e12372d0c14e739856f0caf22e0883e0078a9dd8cf6c04ce4
scripts/01_preprocess/modules/module3/code/02b_analyze_independent.R	14983	a9b9ef922b6d7c4cd6fe030f26c7a4679cae333a31f0968cb52e4b3951a2bded
scripts/01_preprocess/modules/module3/code/03_fill_3.17.R	1895	0bf39c0c4e5599b2e8c316837cd1eddd456c97debb172dbadbb8de3d59887fa5
scripts/01_preprocess/modules/module3/code/run_module3.sh	620	c2e8b95027c5500c3f4683e011486f858df04e6c9718079aefb2240ac94e38fc
scripts/01_preprocess/modules/module3/code/run_module3_independent.sh	650	f631c68212372c4e9d26aebb3824cef2b4493b494dd2d203204b1144dd11de79
scripts/01_preprocess/modules/module4/code/01_prepare_module4.py	9669	ad5a68d49506cbd263fc722407f5e162d9bc30e5ea879dae7adecc9c140e5a18
scripts/01_preprocess/modules/module4/code/02_analyze_module4.R	11271	7aa141f5203b08ca5539a9296cc88c88b0ef376efed4f5ea4acceab5a9a8830f
scripts/01_preprocess/modules/module4/code/03_highorder_module4.R	28632	74fa50155148eb3877ca4c1b20bec4d79a6e4870592e67deb7e8d5d119c47a57
scripts/01_preprocess/modules/module4/code/04_subtype_adjusted.R	10528	3350fa8b7b47dcdaf624db3cccfdeb537c1083da1aaa81e4ab9020879bce2529
scripts/01_preprocess/modules/module4/code/05_rebuild_adj_figures.py	2476	ca3e2710ce5537a6c3d66de55673bf2c2770ef1be5bb91cad3082e4d10f3d99e
scripts/01_preprocess/modules/module4/code/06_leftover_r2.R	6937	d4403fc85bbb09cbdd9093b0387894570e047852d4789d21fc77df0395203e10
scripts/01_preprocess/modules/module4/code/rename_figures.py	3591	145d8d18b218faa3019a81171639f80591649ad3fb70b5de553334c42e2ee02d
scripts/01_preprocess/modules/module4/code/run_highorder_module4.sh	898	8c9040b07b8e874fcb5e6e5d8759d1dd40c87dd17956fd4202a2157169035e7a
scripts/01_preprocess/modules/module4/code/run_prepare_module4.sh	382	2d72b7c7f30d15ad36e66f589bb5d617091ca8cb32b72a99616fad66234fab99
scripts/01_preprocess/modules/module4/code/run_subtype_adjusted.sh	371	34dab09ff117a9abf3aee25e6ee30195130525c4df0bde4d23aea9fe76a1adfe
scripts/01_preprocess/modules/module5/code/00_inspect_env.py	1547	f277449610b83723702c606bcc796fec0835f74e9a5f8049ba74ede252cc46b0
scripts/01_preprocess/modules/module5/code/01_prepare_module5.py	27355	4f4d9dc0b872a7d93cf9fc3629203e843361aa8831a180e57dc16c1979ae1c28
scripts/01_preprocess/modules/module5/code/01b_gse248287.py	5770	d56f9a393583e0d1a2c70a638e6e9eabcf24a4d0da011769e2ca225b136fdf98
scripts/01_preprocess/modules/module5/code/01c_round2.py	13082	ebe7c747f8fc7aa090594fe2866619ed79216c066def78a0068938b370d30f1a
scripts/01_preprocess/modules/module5/code/02_analyze_module5.R	21266	6a2fc03cc5eacfa38ce66cd7f8167275fbb4e334359c1bfe840abfc461528b6f
scripts/01_preprocess/modules/module5/code/02c_analyze_r2.R	8405	37ab202572ff1bf95d36b2e488c80e5726f47b9bd165df3d0129799ded3325d7
scripts/01_preprocess/modules/module5/code/_launch_remaining.py	2669	90ebba0a9d2b0fac08063206ec1a7c870befb93f527337dc300187155353fc61
scripts/01_preprocess/modules/module5/code/_pull_r2.py	1668	40f3a4eb63813c655e2c9c7c02f0deb8373e5507f5cd5ec3a7e7b28ed887b7e2
scripts/01_preprocess/modules/module5/code/run_module5.sh	677	54d03555add59b7413c789a796b69bc64aa9c2186a041fde7267294a2ef2d96d
scripts/01_preprocess/modules/module5/code/run_remaining_r2.sh	1127	97c42b39f46345279969306ac7c20c814b7f1ee3f6b88af169670938b0ad2e90
scripts/01_preprocess/modules/module6/code/01_prepare_module6.py	8384	66e098b365229d10cca39cfd879ec3183df908affad280aaf663abb4fabc9261
scripts/01_preprocess/modules/module6/code/01b_gse69954_methylation.py	15817	952703d56ddab10be885c342405e6a2740c25672bf446f994e6fcc926afde1b2
scripts/01_preprocess/modules/module6/code/01c_chip_scatac.py	9737	dd25a086ac19008ba141198d6f88ff8821c974b3f368960a3615dab74b8f3390
scripts/01_preprocess/modules/module6/code/02_analyze_module6.R	20151	041b130a34bf8002a0d943ffd7270e4a5d55fc5729aee2d5e448153633bdcf03
scripts/01_preprocess/modules/module6/code/02c_analyze_r2.R	5893	6d4016086d6fddc9599833d12c675fc54a7449c069aa2e27072a2deca4832de7
scripts/01_preprocess/modules/module6/code/03_plot_gse69954.py	5427	840dd55c8d1fea5d2bd074a35741cf24c623a935f756b17fb399ebe4929c0f59
scripts/01_preprocess/modules/module6/code/run_module6.sh	637	45d71a20535600f81a470d0e2281f1ccd50f56be73e6e432b03f2372f5c64d79
scripts/01_preprocess/modules/module7/code/01_prepare_module7.py	3326	2582bfc8ca531d3cf644d306638aa2c25ad0ec42b977eb808866d2f7cbb5609c
scripts/01_preprocess/modules/module7/code/02_analyze_module7.R	14507	ca6cb9438da35cecd7ce4a6e5ff8b917410d299cb9186995b3d16923bd54f349
scripts/01_preprocess/modules/module7/code/02c_analyze_r2.R	13956	ded373a3c2b314c19caa81e4164caf22f80851581f0226be116a59a347027be8
scripts/01_preprocess/modules/module7/code/03_fill_figures.R	5170	8001949a98d21ec9621994949d98276b1b1fe3704f3e578fef27176e42202829
scripts/01_preprocess/modules/module7/code/run_module7.sh	534	fe949a83e36665c5b632499b30c6a4d2a81862137dc35d86b3156d0de2b329b7
scripts/01_preprocess/modules/module8/code/00_inspect_depmap.py	1607	0da3ca733b8b7767108d6b3fe17a4865093e0573fd114b7c4018f1a338a819f0
scripts/01_preprocess/modules/module8/code/01_prepare_module8.py	14250	73051e8ec282c776d4a88b3b9fadacd61cdf8b360b12e0680277c84150ae3bda
scripts/01_preprocess/modules/module8/code/01b_prepare_depmap26q1.py	17771	50f5ffae0f1cd4d68e8aabc2884820ef4588548be9dcf56024a1f05f609ae29d
scripts/01_preprocess/modules/module8/code/02_analyze_module8.R	19333	6b23a999acd6d12c89e42d760674cb873b9b1a21220ba7d653b942934e3ae11b
scripts/01_preprocess/modules/module8/code/_head_26q1.py	891	c531f9d022ff83a1463fe284e27419d9e84954dfd22524a8f66a7b73157658ef
scripts/01_preprocess/modules/module8/code/_inspect_26q1_ids.py	1580	41fcdb2c980fa60bd9cee69ea0acc437adc27de4e764cbd2c7a7495dc6495def
scripts/01_preprocess/modules/module8/code/_launch_26q1.py	1414	b74d278cd33a159cb4377a06bbf6bbcb854b14cd471abe72bc1719d3bb6a1482
scripts/01_preprocess/modules/module8/code/_pull_26q1.py	985	29c2cb8ca56e2c1134e0ab31c58b93dd9f47184b43e40e79388679b56ed01adf
scripts/01_preprocess/modules/module8/code/_relaunch_26q1.py	1270	aeaba010bd1ee528826eec85fd7ae2a222f8bd414003678e9ab4ccb86da3d9af
scripts/01_preprocess/modules/module8/code/run_module8.sh	574	1e3ab73a8a0f43d144b1e8794ce525a12ebc05416b495ff4a1ee187762424205
scripts/01_preprocess/modules/module9/code/00_inspect_module9.py	3493	7cf0ae81a39e1d5dfc530ca09dd2b48c6ea16cc4aa5d8f1dee535f5d0dbf8bc8
scripts/01_preprocess/modules/module9/code/01_prepare_module9.py	25048	446ab0233aaa2bb5bed647d0ba4c36a1b6f49f6ebbd20754f22831c2239f5eb9
scripts/01_preprocess/modules/module9/code/02_analyze_module9.R	34927	7c20b2cc7d18dc75069c0ffbedd9c9da00fc695b6a474ddf1feccfdcdf71d1d8
scripts/01_preprocess/modules/module9/code/03_volcano_from_tables.R	8591	dc0666918b27d53eeef277a19705e6d8d6bb58348431b430554c55723f766f59
scripts/01_preprocess/modules/module9/code/04_rebuild_qc_figures.py	3775	2060cc39bf33fd584ba41a07e4038e4b675f649c6fe0b5177ebad90b3f9fc348
scripts/01_preprocess/modules/module9/code/run_module9.sh	630	f21a88055097f473710c1946b295fd0e8347a71c53773aad2207a2b1b1638c79
scripts/02_balance/code/polonen_round1_zeb_balance.R	17133	f38f985d667be6c53af9d688118430f5a21d425b5952b9ceeffd80aa79094090
scripts/02_balance/code/zeb_balance_daunorubicin.py	10350	bfd5c0f4376208f18c37ea562254f05cb439329c93a69dfc248da156bc26cc7a
scripts/02_balance/code/zeb_dev_axis_round2.R	11768	8ed2a155433c6872b1fd0b981e878b3cb3f5834ab9dde84a33c8b8c94be39bfe
scripts/02_balance/code/zeb_developmental_residual.R	15356	9d91444ae667c9f49137d6c3dcbbdfef95749ddb93da66c7adfefaa053399500
scripts/02_balance/README.md	323	d268582b493e688f4ad0b5d4785b8f9e2d6cd866e1a58ed1fc68ac9fb7828909
scripts/03_frozen_programs/code/dormant_lic/gse260697_gate2.py	4990	3a91be33c1c013055c262c004d6f734091feeb8379ca8cfa4bc7083718aff82b
scripts/03_frozen_programs/code/dormant_lic/overnight_gate3.py	13340	4e0901b490c56183f5b49225a9b89b782f4229b0e4eb37b37826a9e357bc2d65
scripts/03_frozen_programs/code/gate2_thymus_window.py	14907	32a8c9e144f323dd591c661e3a227f45e0e1a27f6a8412529849de05fe1677ec
scripts/03_frozen_programs/code/gate3_beta_selection.py	7009	e4e18ccbfa86ed7eb2de05be9d92c59c35dc7cc13df67df6fc3f951d54da5efa
scripts/03_frozen_programs/code/gate3_score_depmap.py	6502	1e648eb1d5daaacb927293249569480b3ba8387000d95149dd6e85cf1a8ae508
scripts/03_frozen_programs/README.md	331	08a83036ff733ddc7d092bb269e0d0422c1f2150b325cf053a6d740e3b38e0cd
scripts/03_frozen_programs/rebuild_2026/code/deepen_2026/gate2_freeze_residual_program.R	6107	01e75b70fbccd52aeefcf08eec0215c372bf376a952475cde3831ae08c705461
scripts/03_frozen_programs/rebuild_2026/code/deepen_2026/gate2_pc3_loadings.R	1194	20993a744bcbb5dade676b28615098e99307ccf947b0b38483067acdd5701a66
scripts/03_frozen_programs/rebuild_2026/code/deepen_2026/gate3_gse146901_program_scores.py	3386	1c2d3fcb72c2cd2df4d341c0c460d5a527b9d2ec19735d3ec09aad1629851f49
scripts/03_frozen_programs/rebuild_2026/code/deepen_2026/gate3_program_cross_validation.R	2546	af739bdcd11edca9e0b57fb6266a03083eafdf0762eb2ab3de11911777134ab8
scripts/03_frozen_programs/rebuild_2026/code/revision2_statistical_hardening.R	6232	0dec297f43c72b0c796ddc5d293150d46c138ab499d2e9a8b5d8b7bde2075285
scripts/03_frozen_programs/rebuild_2026/code/revision4_matched_program.R	3542	f34379e66b6f954c6d026b5a0ea5acb2352a06e60e9f28d27f50c8458f90fa2e
scripts/04_matching_external/code/agilent_gpl19197_zeb_map.py	7847	14269aec26da2e9aafcd01fcf6b6c6f3fd3b000be37f3ffc8ebc77f042575554
scripts/04_matching_external/code/audit_pharmacotype_endpoints.py	4310	8f4503dde4575e8f82d32605e9fee40efe4fc22d582d06d63dc23d32d2a03bec
scripts/04_matching_external/code/chromatin_source_metadata.py	1972	9819481c9df6a5cf4fe2e05f5320ff247a30a9c6f4d910d9793a0df23a18431d
scripts/04_matching_external/code/chromatin_window_audit.py	3290	75a1ecbb5ed300609a88b093957fcfcbf11816a2d5ad0a71f9117674eb8fafb0
scripts/04_matching_external/code/collect_geo_citations.py	3901	3b7c040643f4a98c720ca9abcf4d90b96d09ff39df852781d4d666831ccc56a9
scripts/04_matching_external/code/compute_supp_analyses.py	18060	8791084279fceb40aa05ef66cc25dc83dd92444a6aef38a6ddf526a00aa6c8b9
scripts/04_matching_external/code/cox_sparse_event_audit.py	1155	5502d4a7a041be33b94fcd23ce5e216e49da9b4c0ca9b7c8e6c10eed3618a4af
scripts/04_matching_external/code/depmap26q1_consistent.py	5993	7a43110b54f4c3b9156124810c945464e74111f8ca652ffb4c66a52507d4c0b7
scripts/04_matching_external/code/depmap26q1_lineage_contrasts.py	1823	fde2a9361eebed974e924d2c0fa84c109d772a851ca27a0ca1804183298beec7
scripts/04_matching_external/code/dormant_lic/gse260948_gate1.py	19675	04f9704f7bd92d5903fd60a00f71b0b3c668670bad0b6a20b984e2afef299a8e
scripts/04_matching_external/code/dormant_lic/inspect_inputs.sh	641	14ae94e3e4989cbe31d11f0aaa6f3a4a32d8c661829bd02a217e3e3bfc6390b1
scripts/04_matching_external/code/dormant_lic/peek_260697.sh	269	b39014d5cbb837088d0e4ebd0d8c089b2d71e137ec74702705eeccd4b9d0e4b6
scripts/04_matching_external/code/dormant_lic/peek_287751.py	450	7cab37b299eb244a269ad0e9a5f7ecf78b245eebc1cb835dae9ed0d3b5b60d90
scripts/04_matching_external/code/dormant_lic/probe_cycle.py	157	bde4f2d62b3106f5c0fec93a6c81a7459b88acb4fdef45ef98b36b2345dd672e
scripts/04_matching_external/code/dormant_lic/probe_cycle2.sh	224	d191cc2df6a5e9499d47bc69c4f5836dafcd6f27edff53a686657deedc2f9458
scripts/04_matching_external/code/dormant_lic/probe_cycle3.sh	260	b7261902eda2b4c458434b14c5dff7eed63849059a174fc65114d9e8a0c97970
scripts/04_matching_external/code/dormant_lic/probe_hulu.sh	677	63b58ba4ae7cc06f8b21a4687b04c0bc62598e05523fb56437b41b6f9bd5b807
scripts/04_matching_external/code/dormant_lic/score_gate1_activity.py	6913	64af58be74f0f75fbd3870933b075befe1287bc476df4a8ec9062fba8708e480
scripts/04_matching_external/code/extract_independent_zeb1.py	1347	4b311a52ab3700ce6a01db823efe4853f8e54146fbdf53d1f82f413d52965d13
scripts/04_matching_external/code/gate_zeb1_mtx_silva2022.py	7163	c23b89c715e6a2af51d5e3da28965d443f358bcb22b4811b2cb2afeeec920407
scripts/04_matching_external/code/gate_zeb1_mtx_silva2022.R	5135	7e119cb25b856ff68e47fbb75046cf48c9b723eeb75c22585fc6fbff99c4cac3
scripts/04_matching_external/code/gateA_lim2025_zeb_family.py	18487	0dec4a614248a2998b23749ce277fb9e8dd9f306a04b42d465ad33c5950c90e4
scripts/04_matching_external/code/gse144035_paired_audit.py	3042	2364c853bfeea2241fad518cf6709268f0c0d8435afda871f57253d2040dba84
scripts/04_matching_external/code/gse146901_zeb_polarity.py	8059	796a6590f499f214d3544b1b5364862a495d4007910f6e53571577dd919a9b6c
scripts/04_matching_external/code/gse162280_bcl11b_convergence.py	6190	264e022ad3e35c3dc6171a3d80cec7160a04b936c7c1f5d4610e31ae69c58e54
scripts/04_matching_external/code/gse272023_keygene_validation.py	3683	37ae612beafe4017720d476473e4769641d320b8df7e580cbddde3edcde65dbb
scripts/04_matching_external/code/gse29959_notch_gate.py	10550	868aea8715dbf7a88519faeb3b5e37684f17da06910fb39113f424a99110dd78
scripts/04_matching_external/code/inspect_thymus_reference.py	839	8c5e30158a2a60ee53a0ee3ef42751ee564d93dc37d80366862e5be294a2631c
scripts/04_matching_external/code/lmo2_within_subtype.py	4465	f0282646c29b25f40e839c717437f1d4cde6e7c8f17eae2d3f65bf04d6396460
scripts/04_matching_external/code/matched_gene_set_control.py	5949	057f5da60e0fd6dbb2705833372cad32797b1eed8c764295579363058d8ef659
scripts/04_matching_external/code/mtx_overlap_sensitivity.py	3886	b3b5a081efff2a0e3b41a67cfa88d44b195ace9455f3e0e47b10c8fcd4bb7561
scripts/04_matching_external/code/parse_gse287751_metadata.py	2412	d1772e6a4451399873fb8a8de7f8f3bb78ed4289ff12b0138223c9128e0f5d7f
scripts/04_matching_external/code/pilot_ferroptosis_gonogo.py	23490	df8aca4cf9b2470735330c0c46dab56ad35c38e286c385f65d56b71d31b03caa
scripts/04_matching_external/code/polonen_round1_figures.R	1987	20f042f871a296893261b8a353a1c9ca570d4f801f714caab18a37718c2d2001
scripts/04_matching_external/code/reference_integrity_check.py	5061	a6de105fe8e8d792603957f62b90c6ddf27cf0f3a7955170c5c7bda2d4ba868d
scripts/04_matching_external/code/regulon_coverage_audit.py	4255	3c9bb1850aebc5bb0e27044e935191f5096899c6338d6e3cdbb893a2e7dbca29
scripts/04_matching_external/code/replicate_gse2351_dnr_ratio.py	4161	bf64200d97fa6a4415c8e47ccbbbb021aa41a8037769a9a7b24ff5e4c2c869f8
scripts/04_matching_external/code/run_depmap26q1_consistent.sh	470	c5c1da9c2241c2fdd6d05968fa2bd99aeb606728e4af2c0d419af486a67fc97a
scripts/04_matching_external/code/run_gse248287_malignant.sh	405	b9cfbe1445415664547204d17f88c1e90fbcece99580202ce620d9cd7c12ca9e
scripts/04_matching_external/code/run_traced_step.py	1393	b10f5888871fdf20f5933b71e6487db8a73c45439cc6eb82589a5b80793e602d
scripts/04_matching_external/code/three_gene_patient_aggregate.py	4032	74f748356d63c1198f0377891e0aa5ff8e887608d537885dd0309fcabc72ca90
scripts/04_matching_external/code/three_gene_patient_validation.py	4165	3165a8f85f5b72d942f3ba49dd5bcd2044a0158d19b582b6932d30e1f2e5f4a4
scripts/04_matching_external/code/thymus_reference_aggregate.py	3663	62d3b9dff7152e8256498bf559d2b92d6c89ec4999da2b231eb56418cde27e1d
scripts/04_matching_external/code/thymus_reference_validation.py	4022	1707603bdbe5a4cb89ea2cf5654ab8b25b277f53760c7cd7d92e0822e78129b5
scripts/04_matching_external/code/tlx_meta_sensitivity.py	3744	1721c809c1578dd961abae51d44ca23861eb01f24bd6ccfd443c1e6734fd858a
scripts/04_matching_external/code/tlx_split_validation.py	2306	c0feeebd3bdd6a40c406a667bf3584a79dd711b25df63f04c1fe178f7611f859
scripts/04_matching_external/code/verify_core_references.py	1955	a2dfb318b5e3a9149578125812db25f1b7b243be06aaf5ef8096320146dc3bfb
scripts/04_matching_external/code/zeb1_codependency.py	3048	a7a80ced98b1a71afd9bbfa47b09202829e69dcd93c72f85e0cb225d5fa5a974
scripts/04_matching_external/code/zeb1_notch_split_auc.py	2985	35dd4a0d2c34edafe1377b0e1f7e71a83f4828efd263ac6c59d25c84e00274b9
scripts/04_matching_external/code/zeb1_tall8_forensic.py	9165	d90c532fbe88cd8cebcda106fd678264d2d256fcc644774e0de71cf5ff6c575c
scripts/04_matching_external/code/zeb_chromatin_summarize.R	3559	299aa16a6019fa7ee758426f8f0190300fcb8361cf4e08dff3c12eaf09a218c6
scripts/04_matching_external/code/zeb_family_subtype_state.py	12454	1c9cf294377cfc65563ae9425ec4c6298be529db74365276abe61e9bd59052bc
scripts/04_matching_external/README.md	333	a4fa27fda8eaa0eabf37cf3a34abf1834e8f6e601434324bb0afecad7cc79310
scripts/04_matching_external/rebuild_2026/code/audit_rebuilt_references.py	3093	161d70634e61d09b3166bb48624c1039cd3f85f1464fb08051256b3ae0788b66
scripts/04_matching_external/rebuild_2026/code/audit_submission_integrity.py	5864	441c6534850e72ad354e07021c74540e065238a9862c40bd8ea732829f207306
scripts/04_matching_external/rebuild_2026/code/deepen_2026/a1_external_residual_validation.R	8549	c0cf926934a41ebe2b5b2c25a883c662e435e8605166c39b35c9ab02c199943b
scripts/04_matching_external/rebuild_2026/code/deepen_2026/a3_chip_hichip_zeb_loci.py	12906	f1493f5cf407395c5424239190106847199c72905fccdd43dd81dece0384699b
scripts/04_matching_external/rebuild_2026/code/deepen_2026/a3_download_peaks_bedpe.py	2282	646f9188060d21f66cbec7389f9398841c29ba4f4dcc20c6c5108fe00ac26f9e
scripts/04_matching_external/rebuild_2026/code/deepen_2026/a3_fetch_chip_hichip.py	2406	30f4171f6bee9753aea408350b21e2b0e064ea104a66bcbf6705e57a41436209
scripts/04_matching_external/rebuild_2026/code/deepen_2026/a3_fetch_remaining.py	2200	ce332aee0417699645a185552c672c696f95fc9e2838ddc38b9cabbfce86c469
scripts/04_matching_external/rebuild_2026/code/deepen_2026/a3_gse173432_perturbation.R	7819	eb2d710972c405656fa97726737536ad21cb897af5117e32bcc578bdd7366d25
scripts/04_matching_external/rebuild_2026/code/deepen_2026/a3_hulu_fetch.sh	865	49040fb6f4dd91c412f05471254018c8f5865c7c2e464ccd7f64e80eb071098d
scripts/04_matching_external/rebuild_2026/code/deepen_2026/a3_hulu_fetch_gsm.py	2364	760f37bad682c3ae20af3648d7a65fbee45f0233222a80017091a76c3218d1c2
scripts/04_matching_external/rebuild_2026/code/deepen_2026/a3_hulu_wget.sh	1027	369d22d011308a71ab5d16d89f672da49bc21c2aa25d44502400ef06d748f01e
scripts/04_matching_external/rebuild_2026/code/deepen_2026/a3_list_geo_suppl.py	928	305810bfa5383b0c82ab00cd75f78a8fd05ace48f94fe88274df9010697b6e20
scripts/04_matching_external/rebuild_2026/code/deepen_2026/a3_list_gsm_suppl.py	1073	918983c7cbd358f05c7cdc6c4ec41522c6991dfe48ba64e65f267fbf089c5f4a
scripts/04_matching_external/rebuild_2026/code/deepen_2026/a3_local_geo_cgi.py	2206	e538bc5085b8ce4bd639c4f844fbc593fbfc7760f85498d3a145f8206346c0d7
scripts/04_matching_external/rebuild_2026/code/deepen_2026/a4_close_donor_stats.py	2394	81bdf4fef41bd88f4c09d3ffdbbad9b486ce291b1b7d9b927528d6609dd2c05a
scripts/04_matching_external/rebuild_2026/code/deepen_2026/a4_download_tcell_atlas.py	883	93fceb3a10c9c3fed343db8347c06c53d29938f669f9c3608a7f3358f9280f1a
scripts/04_matching_external/rebuild_2026/code/deepen_2026/a4_download_visium_pediatric.py	975	b3e3213b05fbe11ebcfe51d9d0a7e5f0c47f64112c6f3ea9e724ba2557bb9aaa
scripts/04_matching_external/rebuild_2026/code/deepen_2026/a4_hulu_cite_rds.sh	471	c1855fb84e393ed15122b7fba876de70bcb654fbc98dc45ae80646518de2a86e
scripts/04_matching_external/rebuild_2026/code/deepen_2026/a4_inspect_cellxgene_meta.py	1240	e03111e83c1aaa09fb0c55ffab6fe9665112deeffb3d1a5ebb1d2e7930021558
scripts/04_matching_external/rebuild_2026/code/deepen_2026/a4_inspect_tcell_atlas.py	926	baa08538d5b5f8201df674bb35b84f6ce5887947c7bdb0723e371c3c05db9eb2
scripts/04_matching_external/rebuild_2026/code/deepen_2026/a4_inspect_tcell_atlas2.py	1003	9d8f3ea256af3a7c615722cc54ed8b4104bbe973db759c6740df78e449e20f96
scripts/04_matching_external/rebuild_2026/code/deepen_2026/a4_inspect_visium_pediatric.py	1509	32da75b8664abf170bf64f930e61c783e87e5295fe3510a1f58a5f932d5f3007
scripts/04_matching_external/rebuild_2026/code/deepen_2026/a4_list_yayon_geo.py	1105	244562bde0e445762f00f8deb1d545677e116121308068bd8c5193035ea2eb51
scripts/04_matching_external/rebuild_2026/code/deepen_2026/a4_parse_cellxgene.py	1163	7b735bcb538c8cba420ca5493c949c955995405b86a31c4010271ef80056d154
scripts/04_matching_external/rebuild_2026/code/deepen_2026/a4a_extract_five_genes.py	1758	f9e9690f1a9427b4cdfb77a8bf9fc8b0d0b957f783e217b3c06d3546fa59fc11
scripts/04_matching_external/rebuild_2026/code/deepen_2026/a4a_from_five_genes.py	4001	98f19fee0e64aee80e4da3f8f9f8046ced50c71c446e3c4b9e36f4f659e8f153
scripts/04_matching_external/rebuild_2026/code/deepen_2026/a4a_locked_poles.py	3456	b9a6bf00b5b4022c71329e2c23957f727bf2d6d10bf76e70b369577ea9b2a443
scripts/04_matching_external/rebuild_2026/code/deepen_2026/a4b_cma_tstate.py	5832	1e9c5ee09b146a1dd7e30016e85cd835af2dd724936626eb000060ef0f3e22a4
scripts/04_matching_external/rebuild_2026/code/deepen_2026/a4c_visium_detection.py	2299	a89bc4dc71fcb402dd40fc84a52a6c576b7727a0e8f31aa9f3546d2b0d880ec2
scripts/04_matching_external/rebuild_2026/code/deepen_2026/a5_download_gse234608.py	1205	47a84f2a0af66a81e3343b053c4f37f081063aab401f667b7487df5a31ef22a9
scripts/04_matching_external/rebuild_2026/code/deepen_2026/a5_fetch_gse234608_meta.py	1659	be2e69e5ff82255aa64d85c2778189c3ebc79b2b66b5d8f799e519f097130c11
scripts/04_matching_external/rebuild_2026/code/deepen_2026/a5_gse234608_pregate.py	6665	8e41adf74643407c8b8cab84d2064d671852295f8fb38bbac1bfe5725315885e
scripts/04_matching_external/rebuild_2026/code/deepen_2026/a5_inspect_gse234608.py	915	f90159071d26a66520adb961ff4926230d5f6e677308bb798abf7346f488d420
scripts/04_matching_external/rebuild_2026/code/deepen_2026/a5_list_gse234610.py	750	22361a1e920a8fafe5874f4b5a0146693875c61f4a5d9dc06fc41a04b831cc3a
scripts/04_matching_external/rebuild_2026/code/deepen_2026/a5_peek_truncated.py	753	7a901199d91fbe805d62ed8e5a1e11bcb62b448a489133fe39612e8bbfce9941
scripts/04_matching_external/rebuild_2026/code/deepen_2026/a65_gene_level_external.py	5831	f406928b7c5e08a85c779e08f77c93ef0003e3d2e3ec1eee3f19b7425a12e949
scripts/04_matching_external/rebuild_2026/code/deepen_2026/a6_2_quadrant.py	1051	b0b012f26421f86d398702cde445db7185d8e7f324258f61d99073c1161bd167
scripts/04_matching_external/rebuild_2026/code/deepen_2026/a6_3_cameraPR.R	1361	a2df0b0353ee0bf0754c86c5c9ed7359788487d5b91e2fe6b753d3b118225812
scripts/04_matching_external/rebuild_2026/code/deepen_2026/a6_extract_frozen.py	2521	e33b8e4ccdb416137d3e24a240ca9daba9067d7c63f5d5cf0e4d505e3b426852
scripts/04_matching_external/rebuild_2026/code/deepen_2026/a6_run.py	6499	05faf616a4237891ca544e27e7f447f65beff698108dcb1b70c42d776662488d
scripts/04_matching_external/rebuild_2026/code/deepen_2026/a7_0_specimen.R	4908	685843ed1dd3d0a81e65385b3a87d22ee9cdaa7e5502388157774ffeacf2da32
scripts/04_matching_external/rebuild_2026/code/deepen_2026/a7_hulu_inspect.R	2545	b23f4f5b794361fa1bef86b5692091b0ecca503d6a6d63ca02ea60d660d59d1e
scripts/04_matching_external/rebuild_2026/code/deepen_2026/a7_hulu_scores.R	10537	0bbeba96546e5355f04e121eb742a535944f32e1065c14417041baec3114932c
scripts/04_matching_external/rebuild_2026/code/deepen_2026/a7_hulu_seurat.sh	515	efef1f0f1ac701c96c867f64f58c1e716936a2f504faf7a2aed1d09db9e9f582
scripts/04_matching_external/rebuild_2026/code/deepen_2026/a7_inspect_seurat.R	2656	e5d6c804d7e58fc811b567446884fe087cae3a1be06858ca7c79a0429d2c2a11
scripts/04_matching_external/rebuild_2026/code/deepen_2026/a7_list_gse253355.py	674	8a93bdfb351351647fb73dc4c5384351a9d6b61d09e6c0cbe3889514be1cd514
scripts/04_matching_external/rebuild_2026/code/deepen_2026/a7b05_gse243914.py	4293	d1406b852a5690b97560a15f6b9ab69ecf9d0ad16246f5cf8c4d2cd33821ff08
scripts/04_matching_external/rebuild_2026/code/deepen_2026/a7b0_pregate_metadata.py	1749	9df5c67bcd4bd165d3eb776fb5a384c81c46323c208761690d367ebb67eb5001
scripts/04_matching_external/rebuild_2026/code/deepen_2026/a7b_scores.R	4773	2c6c9c35e1d0892d7a89464908328b64beb02e64efae08a6253c19480cb071a1
scripts/04_matching_external/rebuild_2026/code/deepen_2026/a7b_stream_counts.py	2362	cab14c741e82a9af21ad8b5ba4288857c4a3123819ea90be2ea92f9ab9416f46
scripts/04_matching_external/rebuild_2026/code/deepen_2026/a7c_run.py	6116	803dfb922e9eeb84022076668590e599e9218e09c908d8f899de90ee362563bb
scripts/04_matching_external/rebuild_2026/code/deepen_2026/a8_1_scores.R	5023	98ccb8cca59d491dae532bdb5413690e5fe66665017374cbd8240b7e054f885c
scripts/04_matching_external/rebuild_2026/code/deepen_2026/a8_2_install_and_run.R	503	2020cd83859c4450667c21f384af29d4aab0c1326bc883f394b9d9b3315edfa0
scripts/04_matching_external/rebuild_2026/code/deepen_2026/a8_2_summarize.py	10983	d78f63cd6952f94921f155bc67144222117cbb1cebab10b8c352ba96e2da6e73
scripts/04_matching_external/rebuild_2026/code/deepen_2026/a8_build_counts.py	2208	e37299e68e155dec914bf220e10ead4097b4c0265cd4b99438075537982da532
scripts/04_matching_external/rebuild_2026/code/deepen_2026/a8_hulu_check.R	263	d85ce50d272890ece5f22aca2fe0bf44697a67044c142491a74755ea45cfe901
scripts/04_matching_external/rebuild_2026/code/deepen_2026/a8_hulu_classify.R	654	aff61225f5dd71a0ed11c6a8ddadaad40c695616c7f0b78514aebd0c4d0dd231
scripts/04_matching_external/rebuild_2026/code/deepen_2026/a8_hulu_finish_install.R	1290	bd980ade8e4d099330335b94f0bfa10c983d0a88fd47d3c50922d658ef324f63
scripts/04_matching_external/rebuild_2026/code/deepen_2026/a8_hulu_install_run.R	1498	f12ec672bb98737853968517080cba7865a5e94896f9fe1a71ee182868a581b3
scripts/04_matching_external/rebuild_2026/code/deepen_2026/a8_hulu_rest_pkgs.R	1264	d00eb07f810290dfd4eb303117c40dbb9cd6db05ce54c472b879be7242bcb30c
scripts/04_matching_external/rebuild_2026/code/deepen_2026/aieop120_official_residual_validation.py	10208	c9b19386f9cf9e0949d9d7852e8c125edc9ecb996c2c8a3dc15c9f6d38c90a7a
scripts/04_matching_external/rebuild_2026/code/deepen_2026/gate1_aieop_classifier_anchor.py	4047	d38ed60546b6377a73d3bf86fc07a8030e04a3ada9051181bb005e6d23c90cfa
scripts/04_matching_external/rebuild_2026/code/deepen_2026/heldout_and_batch_sensitivity.R	9517	347a09d30272c77d6aa54f57067b407604b40f70f0d1d23235a29f5248cb04b3
scripts/04_matching_external/rebuild_2026/code/deepen_2026/inspect_gse272023_ids.py	705	3fe09b8cc4d2d1928ad01dede09c2bea73d74aa7e4267ed2480144a15d3856ac
scripts/04_matching_external/rebuild_2026/code/deepen_2026/parse_clintall_s9.py	1952	cf010c0d6a7776b57197260af76b669bba4aa393d78c6e723f823d71db6daea2
scripts/04_matching_external/rebuild_2026/code/deepen_2026/prepare_aieop_clintall_gex.py	814	877a2a0aa458cbf7c472521de4173a6e4958802f72bd5213fb3baa55748566be
scripts/04_matching_external/rebuild_2026/code/deepen_2026/residual_associated_program.R	4988	6159f83721e36e1dfc8af2abf8e259bc8826cd738da7183dab8b65645a135e88
scripts/04_matching_external/rebuild_2026/code/deepen_2026/singscore_stub/R/singscore.R	2201	3f0f4c00f4fe5621f8c177def3c39885dfeba53425c084129e61e0948938a457
scripts/04_matching_external/rebuild_2026/code/deepen_2026/write_batch_map.py	719	40b9b0e060f91958a2bac81139fdc93036b33b3154211450dcfd15c1c7df22f1
scripts/04_matching_external/rebuild_2026/code/deepen_2026/zeb_direct_lesion_audit.R	3842	06269a28ed2dc6e0eab0f3a2c4cf56718f412bf718e7b845c3e0be047512bc1b
scripts/04_matching_external/rebuild_2026/code/repair_reference_selection.py	2526	810b7c8b98443f0dca3897e65fd69676c6ad89ad2c8ae2eace856ea816f7ef90
scripts/04_matching_external/rebuild_2026/code/repair_s4d_r2.py	3477	55f8acfa947324d31a451b061feaf90d02c3e784cc863c6009e0b8fd9ba88fb5
scripts/04_matching_external/rebuild_2026/code/revision3_fix_normal_unit_labels.py	1205	3941386d121f8f31c64eda8f514e0c7c19187b8597e5195c014cf1bb449d6be1
scripts/04_matching_external/rebuild_2026/code/revision3_reviewer_robustness.R	9960	202a460801b47bc7dfe6477f8e11cae2e1e7cd1ad3f85fcf79815115590fc171
scripts/04_matching_external/rebuild_2026/code/theme_nature.R	9623	96b01eb3e656486ae4f6479104cac94c7e978b7d43e1bee49551e2e973edb81b
scripts/05_myeloid_adult/code/audit_target_survival.py	4018	2af933a674a42068807fe75cdd8b4f77aec2e3a77edbf021d646d73ecac48271
scripts/05_myeloid_adult/code/clinical_mrd_persistence.py	4660	465f885dd01c5a5d03a4e7770ca2d911000962721cb02d0b34041be352ee1755
scripts/05_myeloid_adult/code/gse248287_malignant_pseudobulk.py	6070	3551488ee03aac1cd038aacff0e6e7c1c74b3f2c19fa70998d11224faedad642
scripts/05_myeloid_adult/code/gse287751_author_pseudobulk.py	2922	05c6f926bddf66b08acd611417a32a3b087a12b3002e5e0d06eaa36ddc46a9f3
scripts/05_myeloid_adult/code/harmony_label_sensitivity.py	5660	f5ad29c19a4252d8e18269efdfd7911135ac675a46687c5aae8950e397e6d3fc
scripts/05_myeloid_adult/code/mrd_protocol_sensitivity.py	1570	caaec2c14df93750f59c3acf9a14611f83711d17ac6ada3689f841d0d81ae0be
scripts/05_myeloid_adult/code/mrd_transition_counts.py	1824	a418735351dec751c9488b71d7a1a1e75eb12b271b033361765e137c93022ffc
scripts/05_myeloid_adult/code/run_target_survival_diagnostics.py	702	9fd92268194fade8360d5fa18dc37bad144292d790fe6bdb19dea48e84550972
scripts/05_myeloid_adult/code/scrna_patient_qc.py	3079	37574696a786351b13da4b960264b09c4abfd4d3e03b9692b54f2fb89ee1d665
scripts/05_myeloid_adult/code/scrna_patient_qc_sensitivity.py	4591	0e014d060c3a669ab165848c8956ff6c7cee009e4607745c0fec185c6207ac04
scripts/05_myeloid_adult/code/summarize_harmony_sensitivity.py	2077	bcdfec192af1d74699e83d672802a6ce38a9a8d48720876caf7f6d4c489e1659
scripts/05_myeloid_adult/code/target_global_axis_qc.py	5490	ce7412f90fd2a3a7174759bbe72d8737affe92217e4fe5dbeb0e5c078bb6f894
scripts/05_myeloid_adult/code/target_qc_limma_sensitivity.R	3558	a2f4973ee8b25365c2461f026c313f706b7b63bc1fb911981e9b31d696dbafd4
scripts/05_myeloid_adult/code/target_star_raw_qc.py	3862	b4ad358e1c673164d22403dcb9c6d9601dee96475a2537e955ff4b8af55cd118
scripts/05_myeloid_adult/code/target_survival_diagnostics.R	2419	b6fddfb70c0989ae745030834d1d2fa9dae446e98b9dd57d595445ab36755f92
scripts/05_myeloid_adult/README.md	329	1b8dd580bc0a032640dc6eee00d48e40b42a18a992f1e6151c453570381b4f63
scripts/05_myeloid_adult/rebuild_2026/code/deepen_2026/a4a_cite_pseudobulk.py	5887	1e9c099eb3cd88a963a4e2558b1e105bf447af86bb201bf43c86df3bd44e883a
scripts/05_myeloid_adult/rebuild_2026/code/revision2_clinical_sensitivity.R	5056	0c49c0791aa36605eb0b006c500ebb48a6f9b07f6c712f2299958b70df2321d8
scripts/05_myeloid_adult/rebuild_2026/code/revision4_targeted_sensitivity.R	6498	7121450b2d1bda7f39d3c9816e4d868f0ff8c25b515ac03df27d7c03741d122c
scripts/06_figures/fig1.R	443	45a1ebc06529d02b818daab48d33b4c29783f75568f4692d49733a0397698489
scripts/06_figures/fig2.R	443	0ad06f67724ddd34d0b0dda5cbb7b18b0e3103c57bf048e6a5623184fb062022
scripts/06_figures/fig3.R	443	e4e984872b4de0960cd3d709e2091f7ea28be4e231c3ebbe05ddce51947b31b4
scripts/06_figures/fig4.R	443	222b4cc121d17ebfa0cf66b5d97e4d246d44185370d07ec3efef6620669431a8
scripts/06_figures/fig5.R	443	da58f43871a3e13cd340e9d984f20f7bb6760a476d19d7f87d28937faf650a24
scripts/06_figures/fig6.R	443	42387bf5ec66ad88eab7f24a28172868e3fdeb71aeefd801f3083b3c86b43cf3
scripts/06_figures/fig7.R	443	65ffdea0dbd689c34fbcca5e74d1f3daaa232b2f8bb07db6ed0a513a9fcde9cf
scripts/06_figures/figS1.R	444	5691ea3edb39f8264d15911a0af49b0863d29d1704e7055278e5830341010eba
scripts/06_figures/figS10.R	445	27e8e05259e27a2cd1e84e4c7eea6007f9b808383226517971d5a8c1730f981d
scripts/06_figures/figS11.R	445	2083e411a6b8dd6976479252d52ff09141ddc9592646412502dc7d1a3747a1c5
scripts/06_figures/figS12.R	445	7eb0ab2352021f973cbaab46954454cd38113e2691256d599f2814b8ab562685
scripts/06_figures/figS13.R	445	8c9b770913291bba1809fe90e171e0e013243e11fb072d51fce1b92a4a696301
scripts/06_figures/figS2.R	444	c20760a6cc412ae9df423a798b2b5691d35471f0196d748c126713a65014c4a6
scripts/06_figures/figS3.R	444	5b40af12232f38b19c8c63637f718b6343a3f04c956353b78655fc62551acf75
scripts/06_figures/figS4.R	444	e2433d94e32834f2cd228c1832c902a0401f0d4bac997340e87584f11ec99048
scripts/06_figures/figS5.R	444	88eb66e4828ecd5e023e7e0b9b8e1bcc0873b1798af98ea7529054cfa9178c58
scripts/06_figures/figS6.R	444	21fe761b5bc14364e06a33f8fa80c4c1f9373025d7fd6956180b151d5573d5ec
scripts/06_figures/figS7.R	444	f0ba82067cdfd1ff793d2fb6615c662a7cb9774806e329b993380324d6285cd3
scripts/06_figures/figS8.R	444	f5a20f94e9dfb03d6b2a5856882884539c1787fca784805eb42d3dd054b445aa
scripts/06_figures/figS9.R	444	1dcf4df50f7a4ff446f4aac53dae8cd8360b5b581d950e5306dcfdd9f22cf100
scripts/06_figures/Figure/Figure1/A/panelA.R	453	da140c8155df944f3d86a87161b5ad7f0de3b22f9a24214d8ef4fb1db2fe892d
scripts/06_figures/Figure/Figure1/A/README.md	338	e1edbc03bcb4e38e1e026e8e5bf8ba5231327ac4def66045aa1396bb37bd0cfe
scripts/06_figures/Figure/Figure1/B/panelB.R	453	9a7adb036b735ab785293697ef21d13d577067c8d15e9edf1fcd44a425d0ed03
scripts/06_figures/Figure/Figure1/B/README.md	338	e8cebdb6bece96ae7bfa48e760c21c5f49e03f2f6366f0441690a4caa5bb24ee
scripts/06_figures/Figure/Figure1/C/panelC.R	453	b2f1d1e471c275ec87a5f492450891e26d029e9bff4c0a9cdc6d193dc74ca48a
scripts/06_figures/Figure/Figure1/C/README.md	338	46934e4197b236cae770b519c9a6f2ec02f9f99b2b763c0a48bbb1768b5edaf5
scripts/06_figures/Figure/Figure1/D/panelD.R	453	1127ba90cddfb0c63024eabefcf2a948cbea016a4153af19976460de3671dda0
scripts/06_figures/Figure/Figure1/D/README.md	338	d9839bbedecadfbd2f8754f70dab87a6a8230fa4efe83c533f2b8b9a8a7315a0
scripts/06_figures/Figure/Figure1/E/panelE.R	453	eda62cc17c4c7cf2beb50ef1fb8518c50e9b4d012613e371c16f9682d1954eaf
scripts/06_figures/Figure/Figure1/E/README.md	338	f668dc212a48aa721f715df0c7c793aca278e853138679f669300cd4a1ec89de
scripts/06_figures/Figure/Figure1/F/panelF.R	453	22c1e56f3b8a6318b167d1fd816ead42ecc154e0b9191bd8ccbfee2fe437f4c1
scripts/06_figures/Figure/Figure1/F/README.md	338	a87b95e68bd34595036176012e5782661b963202dea2b9b92fb1205dda06705a
scripts/06_figures/Figure/Figure1/G/panelG.R	453	256d9c3b0f6e70f3d06fec57509b6430363e9aca888c46edc26c583667b854af
scripts/06_figures/Figure/Figure1/G/README.md	338	dc0647c848dbb37a27a558b5a0cc745a43f4d36f602ecdf261508d6b5fe0ed94
scripts/06_figures/Figure/Figure2/A/panelA.pdf	178629	0448a9581664d4294e858c2974f3c7d01fb5c0210efc9bba2461f3c91d76cfac
scripts/06_figures/Figure/Figure2/A/panelA.png	129169	1d2ad8f3e9b2badffedd83427f3ee613ee449a25dc8891df0a801df1de25feb4
scripts/06_figures/Figure/Figure2/A/panelA.R	453	89e96f3de35e44113c2d9255462b1f1f63a3e6ef36a965996fb2b6263a1ffd2b
scripts/06_figures/Figure/Figure2/A/panelA.svg	166773	bf3d05a8660a0d4b3cecf5a659b2590dbfc2098810af08242a7d1a0f59ea9824
scripts/06_figures/Figure/Figure2/A/README.md	338	7866084801875c2dc076ad55f0c4b6b17ce76ea23585f25aa119585c99d340fc
scripts/06_figures/Figure/Figure2/A/render_receipt.json	2359	9d13a351d4434fb87265812bbfc37232f6320ce80842ce6846c0259776733278
scripts/06_figures/Figure/Figure2/B/panelB.R	453	efda43344324bd77c1dac6aa94c2fa3013a325a851964b1b992c9aba05cf7e57
scripts/06_figures/Figure/Figure2/B/README.md	338	b7aae93287555550d4e52f2c4bf278a8111493a4b197bc8feebc5410d461a371
scripts/06_figures/Figure/Figure2/C/panelC.R	453	8c6b8f1119890b2cb2d4b037167105826f10dc23a8b0bc690f62e36d6bf805b3
scripts/06_figures/Figure/Figure2/C/README.md	338	0c3a96c1af88944df29258827d4f33ac6c4bfee032de4cf2ddb00c885a9f37cf
scripts/06_figures/Figure/Figure2/D/panelD.R	453	79c0b163661f44c7e6a4eefd128506c915f7864f06e0f3d84615829e179ab4f8
scripts/06_figures/Figure/Figure2/D/README.md	338	f85e28c6c299d88c64a5b96f761f8657eb58a97292197aee1f96937fb1a44e20
scripts/06_figures/Figure/Figure3/A/panelA.R	453	aac238a992733371f11d0a0b0649a12d38bf979bb5a7609f9d84108b3434da8e
scripts/06_figures/Figure/Figure3/A/README.md	338	787670a711a563a1089325d657bbb543bed87572daf5aaec6576adfbccf3b0f4
scripts/06_figures/Figure/Figure3/B/panelB.R	453	1f4f243b0fa9d8b7f35a4ed709de464743b77bcfd591e051a647de4f164bd37d
scripts/06_figures/Figure/Figure3/B/README.md	338	a4d9c46af8324a6f1a9fda87d747a497063804a1192e3c4ca9daffe7c0644383
scripts/06_figures/Figure/Figure3/C/panelC.R	453	3ea332f79bf39ac89db41f964cf0239ee4e4f537acd95968144b12c9f72f7169
scripts/06_figures/Figure/Figure3/C/README.md	338	7c53c74254a1eeb6a87f57262190b91d525702090e5ea33eadce212ea2dbdb7f
scripts/06_figures/Figure/Figure3/D/panelD.R	453	b248b0ba962ce3e82414d59127fb50b1ca583ef825f538234e1dcaba525899b1
scripts/06_figures/Figure/Figure3/D/README.md	338	e7afba567fc963e6d932adfdcf862ea724446d15ffd589210e205ee357f03da5
scripts/06_figures/Figure/Figure3/E/panelE.R	453	cf8fccd33ffb284e2647340d87ef795c4ac68e60d74ca6e198c65ec5e4f1e68c
scripts/06_figures/Figure/Figure3/E/README.md	338	9a5b376590bc8daffd715127c88414714d44d917d8ef823ae6e201e1659d80b9
scripts/06_figures/Figure/Figure4/A/panelA.R	453	918ebca6530e15107330d6c7dae7b3f09a75d1b3fec1903fd03ce4569092e5f4
scripts/06_figures/Figure/Figure4/A/README.md	338	fd51e17891b365c7e2e156e64666e5b4fd6d9bb5eb7031fb384cfb632598ef70
scripts/06_figures/Figure/Figure4/B/panelB.R	453	6c020215431358c2b47e848794af745c3a1cb91eb6bfd2521a68dedf6b387f42
scripts/06_figures/Figure/Figure4/B/README.md	338	47eca7a56a6170ba4fb8a2075a0726bb4ce5d0f3ccc447aac28defb49e042861
scripts/06_figures/Figure/Figure4/C/panelC.R	453	80e0dfeed740cd151fa833b3b2e2fd499703e159f835fdf89eead76532b28a9d
scripts/06_figures/Figure/Figure4/C/README.md	338	1558a45cc56bfd8b62262663d6991056dab8556716513f77c3466e2bc3698acf
scripts/06_figures/Figure/Figure4/D/panelD.R	453	6b5d65e10058411735d98eb038773f47b3f1a98ed27f9044a0cd0429489082c3
scripts/06_figures/Figure/Figure4/D/README.md	338	9c735496c58817ad08125b7ea898680aebf83b460bcec373fd1d435848be3f97
scripts/06_figures/Figure/Figure4/E/panelE.R	453	293ee32cc2f02234a488a6e915a83b84c5ad6cf362fbec403f69790411759645
scripts/06_figures/Figure/Figure4/E/README.md	338	9d07c72ecc80444ca64e6e89b9e9aa2b0997ba792982e926670da043b91d904f
scripts/06_figures/Figure/Figure5/A/panelA.R	453	33746beef3212efe66226ac70a6e89a8bfb78d65c23c44f56b32a8f4b2af7ece
scripts/06_figures/Figure/Figure5/A/README.md	338	eabda41cbbda49ebb25a00c7d220ee8887cdb4b08a81f0d541a1b486e48e8a5f
scripts/06_figures/Figure/Figure5/B/panelB.R	453	79a66af626e05db5675d36765929d69aaf5cd170c902997c1ddb76e1a7cfa5dc
scripts/06_figures/Figure/Figure5/B/README.md	338	8951efaba6f1cd5aee9937fe8f4820c9d092bfea5032015e480deb8c45c77c59
scripts/06_figures/Figure/Figure5/C/panelC.R	453	8680bc5662edf3bb27176b034df15490a6c5c2010989ce0a93c06926e7b3ff95
scripts/06_figures/Figure/Figure5/C/README.md	338	d3370b32a220cc7354df73ce4063995ef37a8c126ef03b5b88049bd18a591ade
scripts/06_figures/Figure/Figure5/D/panelD.R	453	c0e671996dc61e7992ac7380edb94a8e8428c8f093659c51a9fd5b8dd2ebf51d
scripts/06_figures/Figure/Figure5/D/README.md	338	3d082a30081480c2b5065415cfb7e9db8247734ef1f03165ff4da8e8dd2cb52e
scripts/06_figures/Figure/Figure5/E/panelE.R	453	51b9051a0f3336bcca8addae6aac188edaa30c52209b1d59951806fe48071e32
scripts/06_figures/Figure/Figure5/E/README.md	338	3ea351b8d3c80dd970fc177ba57e153c06c9d1e62fe8f7a2abb18117b3b14c5a
scripts/06_figures/Figure/Figure5/F/panelF.R	453	ec7a96583b628902e4f628524c27c256da2019dbddcf7e502328bdec8de6268e
scripts/06_figures/Figure/Figure5/F/README.md	338	87142b4612fca503080989d2cc0ab0f82a8c0973cd3d210feb6a7b25479e4596
scripts/06_figures/Figure/Figure5/G/panelG.R	453	839d0724db25e035059476d0b6a90860f7be572c24f98ba2f92c0c9d74d9dd52
scripts/06_figures/Figure/Figure5/G/README.md	338	6b359cb25aafa0f38ca43b269704ae6cbcf9a23e9f30861505ca38c38a5eabc8
scripts/06_figures/Figure/Figure6/A/panelA.R	453	bfa2434455285275463e3cd99d573a8a7c8548cd08a351df4953bf48285bca8f
scripts/06_figures/Figure/Figure6/A/README.md	338	ef812e314ada8194fdf114c60ca75f1bee83f006f3000675a5c5e15dc210e970
scripts/06_figures/Figure/Figure6/B/panelB.R	453	c4e2a42bbe473efa517571a35165489132d24fc649c10e9c7f7d2a9466696d64
scripts/06_figures/Figure/Figure6/B/README.md	338	69e1b501db5288ce398dfd26d784a79cee8064c082ba5c5ae3b76eebfc99ff1f
scripts/06_figures/Figure/Figure6/C/panelC.R	453	0fe62742c234843ecea40193614baf72da3ac65f05c681da41acba447a0a81e6
scripts/06_figures/Figure/Figure6/C/README.md	338	03e8a767674cfad577684cbd503e521f94aae1df8861b2ef3153942324433a38
scripts/06_figures/Figure/Figure7/A/panelA.R	453	49002d64aa634e22e1b3b994903e4fe25899876f95397087688aa3180d5454cb
scripts/06_figures/Figure/Figure7/A/README.md	338	791b12438d7aee567343158d0732255a03a1b6a80cb50aede47f67b93d82b774
scripts/06_figures/Figure/Figure7/B/panelB.R	453	f088c7acb7bac3130ece7d7e6af9a7e2c28d81ab2d2f2a748d9e63d0cde275d6
scripts/06_figures/Figure/Figure7/B/README.md	338	a94d8f2c4ced18594cf0c655699c51fb8419e73310ba2f906ef9425518546039
scripts/06_figures/Figure/Figure7/C/panelC.R	453	1fec4084f8c9e516fc5f705288bb7fb357aa4b2153de5cd4b9e21cc27a67f37f
scripts/06_figures/Figure/Figure7/C/README.md	338	ce5296c7c5d84eae881ba3ca6ca3d0429e6e3e39560b4e35acaf3aee8ad3b6bb
scripts/06_figures/Figure/Figure7/D/panelD.R	453	eb1065bedac89366ed44bde6b7a5ce40944cd3710975d5f7166b1f3c086d3f77
scripts/06_figures/Figure/Figure7/D/README.md	338	d860caa598fcae74312d525a02bf23e2b36541ae8ca5fe6834ccf270865b2c51
scripts/06_figures/Figure/Figure7/E/panelE.R	453	b6fd8189e47972c48eb27501ba45f3d494ccfea2494df05ace6d920e976bca40
scripts/06_figures/Figure/Figure7/E/README.md	338	0009de4a52a7583ebddaa6c39abbcc629ef92df7881481e3536007b8c74b2515
scripts/06_figures/Figure/Figure7/F/panelF.R	453	759ba7bc95198291adb4747c65d9be8a16fb8ec1363a17f1d623ae37a15d2949
scripts/06_figures/Figure/Figure7/F/README.md	338	35f1ef865c047d8592b778c0383de61945b773f42b3a35d68aeae9438ae5588b
scripts/06_figures/Figure/Figure7/G/panelG.R	453	28ae7ce99ddb9c099d386c13b9c675b6c7f91ff7052669337b5a828137f47417
scripts/06_figures/Figure/Figure7/G/README.md	338	ac2d2107eb06b2d9a3835577093fa5d7702475076a87bdd38ca2dc58a045a6a8
scripts/06_figures/run_all.R	562	b61efc3077907ce9d04a2b915eb17d7259c5c06a7eac021a4cec94daee2578f8
scripts/06_figures/SFigure/SFigure1/A/panelA.R	454	f73c4a5fe02755a18acafd715aeeb28e7cbfe4d686cdbd400b428ba0a762aa07
scripts/06_figures/SFigure/SFigure1/A/README.md	339	1e33d456bd618af4ac34f01f0afc300cdba91f3381f47c3bd96183d9257ddad9
scripts/06_figures/SFigure/SFigure1/B/panelB.R	454	2a19686a106683de600f68a2d8830ea9172d3d5b82d38da6cb173d573c084b6f
scripts/06_figures/SFigure/SFigure1/B/README.md	339	b4ff1f4bb48b34078523774eed154441567e74ecd1e381accedb343376ca261d
scripts/06_figures/SFigure/SFigure1/C/panelC.R	454	c566f883db81138c81fd0d525f329bc3ed1b3dc431496ad1b7d0fdd9f084580a
scripts/06_figures/SFigure/SFigure1/C/README.md	339	50eb981f9919efc1cf6d6afe75e8698ef1855a0e0c11051acd74a8029367fe95
scripts/06_figures/SFigure/SFigure1/D/panelD.R	454	7780c74edd616cc58cd85c79b2030d0717c36226c1ea0fa12ec5f9cdcc0d3cfb
scripts/06_figures/SFigure/SFigure1/D/README.md	339	f8c41b6e82738967f82a0350694c70c334e24f1d00fa53ae6769cf55b06a9554
scripts/06_figures/SFigure/SFigure10/A/panelA.R	455	8438b0971634787bbf32f0be61106e7ea2d2406bda924721d3649f24e374e5c8
scripts/06_figures/SFigure/SFigure10/A/README.md	340	244b98d9898b8609fcccb14dd48cdc2fe219cea48b7b41db6105b16e735db149
scripts/06_figures/SFigure/SFigure10/B/panelB.R	455	bb6380098734e8e6c13b7097560e97afb19e4126818627b0bbbadbda7dc24378
scripts/06_figures/SFigure/SFigure10/B/README.md	340	6684e61db3beb1883cedc658c4567e59699fe7591f34a1768cd2e366bbcd3af4
scripts/06_figures/SFigure/SFigure10/C/panelC.R	455	0520d372c25a243da6d186958631a4447290feafd8eafad5b81da7c0009a7468
scripts/06_figures/SFigure/SFigure10/C/README.md	340	bf13b11dd61d8ba2d82a062a89692da0fd3b66b98f063a69a8cd9c5f06149b4d
scripts/06_figures/SFigure/SFigure10/D/panelD.R	455	3a8c5d1f21813af2894efbcc655ca6231bbce5ffb55b57189bdfd43ed7254726
scripts/06_figures/SFigure/SFigure10/D/README.md	340	cc9aba437cc413001fd20127e31d128444b72236e1f10f7798e2f4efbddc3e04
scripts/06_figures/SFigure/SFigure11/A/panelA.R	455	8829310405b864db9551bf33574f87fdaf25f035fbb5634530615adddae94e25
scripts/06_figures/SFigure/SFigure11/A/README.md	340	96a1c64818a6e6b0f485cae56ecee3cd26faf54fa2a0638882ec983f66edbcd0
scripts/06_figures/SFigure/SFigure11/B/panelB.R	455	7e2dae0bd4250edb842a56e2881e8165be346b397f0b3a724cb4b24a2eaca29f
scripts/06_figures/SFigure/SFigure11/B/README.md	340	f5faae536d921afbc6e9a16778aab26f700cc4a58f5a01485ded4d913f141a92
scripts/06_figures/SFigure/SFigure11/C/panelC.R	455	0ee7da0b2e2f00cb5f420f15b22f947d7dac979105f933853a0160579d97fcf9
scripts/06_figures/SFigure/SFigure11/C/README.md	340	b4598bb5ec8371e646fc35dd8b4ab611554a45c34dfcec98dec67546b19d2160
scripts/06_figures/SFigure/SFigure12/A/panelA.R	455	1d9649a715856e3aa0550b41737d20fa9d2e34c9cfbe0873840b29303b4a2a6c
scripts/06_figures/SFigure/SFigure12/A/README.md	340	815aa9f5347f78f9f474d5e392c2d11f5b4ba84f3e1f827b7c4a95fdfb1cf26f
scripts/06_figures/SFigure/SFigure12/B/panelB.R	455	cfcccab1a58bac99852264d0726bb64ad4c585e327dffe23532a14d390247b65
scripts/06_figures/SFigure/SFigure12/B/README.md	340	f787a38412833e121d5f4ebaeb5c0316739800ec149a5c1eda6e8859d157ee74
scripts/06_figures/SFigure/SFigure12/C/panelC.R	455	a1fbb8a1fdac438a99edfb99db90fb4129b909a24924410ad0b0fa0cfe955173
scripts/06_figures/SFigure/SFigure12/C/README.md	340	e74992a22a3374f8ab06270e941701a356b98be04c92c9a9d2a00a7e577d6382
scripts/06_figures/SFigure/SFigure13/A/panelA.R	455	f7467a5d0bc9b68cb31280b101a3e97df254c6b6fc2570f07e74e98b729c82f1
scripts/06_figures/SFigure/SFigure13/A/README.md	340	5dabab50b04a3094480886e32d0528186de1742ed540608cb17986c14d5d4d35
scripts/06_figures/SFigure/SFigure13/B/panelB.R	455	c0f90d28264ab8d70bde533497e447dde1cce8b33976d0abfa5fdd5753a493c4
scripts/06_figures/SFigure/SFigure13/B/README.md	340	b06ac8dc1e1c41e25e5d4c83bd74961e32500d2f5d2087804db502580d494e8a
scripts/06_figures/SFigure/SFigure13/C/panelC.R	455	2f78a27256fd21e19f0829260058f5dc59adbd6824e2fadcc0dab504ff0af7ce
scripts/06_figures/SFigure/SFigure13/C/README.md	340	be47cdb2b70d11c9ea3c343739975d2da259bc208422ddbd004ad5af98eff495
scripts/06_figures/SFigure/SFigure13/D/panelD.R	455	bfaa8bf4822dcae6ec52565aaf44fd89586a5278e11a1ac0d2794b7a7cc6a8b3
scripts/06_figures/SFigure/SFigure13/D/README.md	340	88c19771423debc71a7b908c373139cb533a54103f5d95cddff8b35123bf3569
scripts/06_figures/SFigure/SFigure13/E/panelE.R	455	4f90bc0f4506f9cb7bb53adf6c90fed441c8e10d51e0d17718947515088b5097
scripts/06_figures/SFigure/SFigure13/E/README.md	340	df75b7e4bd6c753ab7e93ad77554e52b95d82662475be15f8735e5f3b155de6c
scripts/06_figures/SFigure/SFigure2/A/panelA.R	454	a352bec5b691565b1477a17cac07dfbc6c7b0946f1906ebe03739d9982d32325
scripts/06_figures/SFigure/SFigure2/A/README.md	339	057af417a4ae9ee13696e6f847e042374636b870f0dfa106d8cd2d0b2ecd58b9
scripts/06_figures/SFigure/SFigure2/B/panelB.R	454	bf2fe0979fa55b90b5d3c319fc4dbdbc96692236ad8aaded64856aa0f9977d84
scripts/06_figures/SFigure/SFigure2/B/README.md	339	bc699ff36e0b53841b3876b33737f0436e200106d69a75a0d51f23693f7a2db4
scripts/06_figures/SFigure/SFigure2/C/panelC.R	454	d155fcd4a1aefd5fa7d35cdc4946460cd10d390d3da878fd038d5cac0661672c
scripts/06_figures/SFigure/SFigure2/C/README.md	339	d3d930cc041bf3357ac1a657a54e5ccf40afa1ea5dd4a50a116878dc80492d05
scripts/06_figures/SFigure/SFigure2/D/panelD.R	454	68cf49e546f25935a4368e3ec0f38de0d864be60db5c780ebba9f39bf8c561f7
scripts/06_figures/SFigure/SFigure2/D/README.md	339	9ea1162b53b07094c0511f5c143b1bd8e823582d9a776955b1a20b20058b4bd1
scripts/06_figures/SFigure/SFigure2/E/panelE.R	454	da87e296cc662bb3e2b53f962e47131d13789df8c90d60191b23d62feadf6b81
scripts/06_figures/SFigure/SFigure2/E/README.md	339	48cb41e84da2e815914162390212da470a1d460eb3c62fca27987ce862f712a5
scripts/06_figures/SFigure/SFigure2/F/panelF.R	454	f6c3cf982b5f6b0accb7535b28b93690f646ca2dd602e351a3c83a83fc566b18
scripts/06_figures/SFigure/SFigure2/F/README.md	339	67c777e8dfaa32aaed2f0236a34bbcd4c6390917e712f9539346b7f7a28423bc
scripts/06_figures/SFigure/SFigure3/A/panelA.R	454	8d6541a7d3313ad98ba1f79e0be1da0cf418c6f4439510ad9497d7df0d71cea0
scripts/06_figures/SFigure/SFigure3/A/README.md	339	9f4f0c8b09aedb2fdc0f592c1cfc70f98527ce1e7d2eeacf91f1d94eb932064d
scripts/06_figures/SFigure/SFigure3/B/panelB.R	454	775b59ccec996e6ae0b9099b372419f4b63aa2005f01be42bb525bfa39bc093a
scripts/06_figures/SFigure/SFigure3/B/README.md	339	b216ed489ad76aa41ca4e5237191d78aa76ebcb5c5ae0e24de260c1e71e1f644
scripts/06_figures/SFigure/SFigure3/C/panelC.R	454	c7b1da7e8890368606ecf639a922e5f7c288a809d3a982de63b07378e5ca1da3
scripts/06_figures/SFigure/SFigure3/C/README.md	339	dc2d65de1f5e92960bfdad21787f179d1e5ea4fbd9c6807263879c038fc3041e
scripts/06_figures/SFigure/SFigure3/D/panelD.R	454	1d26d3e316324a040eae15391832acf3d5336efb99464868cea128117f8804dc
scripts/06_figures/SFigure/SFigure3/D/README.md	339	604162e14b446898b9bd618ca82f5029f90071032c0ebd8f738fa489c35d4765
scripts/06_figures/SFigure/SFigure4/A/panelA.R	454	ad25a42b34c706d55db86f16fb1b53d6a5aa6e045b8ac804f68572148f0393f8
scripts/06_figures/SFigure/SFigure4/A/README.md	339	35abaf633ac1cc2c36d6acb696a0ed3c267267afbac2ea9c4f1bafa2aabfe082
scripts/06_figures/SFigure/SFigure4/B/panelB.R	454	f8774af7d463f6458ae9a75a7652b8ab135a482eb98c92859449a000108d5acc
scripts/06_figures/SFigure/SFigure4/B/README.md	339	8b3a50c8dd4568e85d98af7c52546f2f8e76e93c6b17186af9401f28474c198c
scripts/06_figures/SFigure/SFigure4/C/panelC.R	454	cf8af3c70799a8e16a4f24f22fc49c3cb12b484249f4d00093f77a931404df76
scripts/06_figures/SFigure/SFigure4/C/README.md	339	42d90acc25aa093e4c46a1f03806c9f543e6f6c71db6d07e86c957581b782e92
scripts/06_figures/SFigure/SFigure4/D/panelD.R	454	80e507668d87878794f46d74d0f1e8023ff3a694e2d2660e92d40c556aeac202
scripts/06_figures/SFigure/SFigure4/D/README.md	339	72bcaae7a55811a3bd8e5d65925d697c9b62170690cef7ae980dbf68351d125f
scripts/06_figures/SFigure/SFigure5/A/panelA.R	454	6d26bdb84d865c31a1d694047759fb98c3f77bebe7d7bd335fc610ab76b20a23
scripts/06_figures/SFigure/SFigure5/A/README.md	339	ec1b5527fd0310b4ee33ed208d21c4ce25a16bf2d49835c601be84f8385b909d
scripts/06_figures/SFigure/SFigure5/B/panelB.R	454	955a762adf9724e80f5a8a81f32fc2109a88f269f9e7347d53afc38849c3368e
scripts/06_figures/SFigure/SFigure5/B/README.md	339	0b5c1fdb89e3efc4ba34a9bf2b19704d70eb39fc61e07faefa6ce3c4bf5b742e
scripts/06_figures/SFigure/SFigure5/C/panelC.R	454	a054fec7e4082d77b56d820f03b419f4c9ffe164d322ae3a4c746b66d60db482
scripts/06_figures/SFigure/SFigure5/C/README.md	339	9203e08e41b21b6c8d5ade2d974faf78b64e2b5402f30f8a8d5cf367847005d0
scripts/06_figures/SFigure/SFigure5/D/panelD.R	454	ebc2f3b73bb86a7f902aaa9a91f404daaeb83bff7afe482241e68c58ec06720b
scripts/06_figures/SFigure/SFigure5/D/README.md	339	5b9dad08eb12313f2cd5ec9f1710d0df688ee89be7785f248f5297e43a885d6b
scripts/06_figures/SFigure/SFigure6/A/panelA.R	454	2fedb2f50428e68b9bd40369b6a53f89df2299599e053d01e9b919981cc64a95
scripts/06_figures/SFigure/SFigure6/A/README.md	339	b95148a3d2c7713e13b3af55cf8a3809c87134e1f631abd54f84e2fb4eac2225
scripts/06_figures/SFigure/SFigure6/B/panelB.R	454	e9a53a6f5cdb568d4ae473233af5a1deb3df17b38f4886d58b3bc07a7cec860a
scripts/06_figures/SFigure/SFigure6/B/README.md	339	16b20359da5763a4ad4e43fb23b27b410ec1d7eb1bc4657b70c45cc647dd0b56
scripts/06_figures/SFigure/SFigure6/C/panelC.R	454	f32508b890842d0762c3a21a73f3cb0cbcfdd8d4e268e8d18b2852330438caac
scripts/06_figures/SFigure/SFigure6/C/README.md	339	088daae65346b1f83329c7861f0ce25e2efec7f69dcea5f11576e1881b324765
scripts/06_figures/SFigure/SFigure6/D/panelD.R	454	d23bbc2353fcd941c518ff2d8131afdaac70f8ca03868ead3d7bd24f87dbcdac
scripts/06_figures/SFigure/SFigure6/D/README.md	339	0d8484c3bbef45044c28e2c7836674a28e4f7acc6293f3dfdd20c3964e81eaea
scripts/06_figures/SFigure/SFigure7/A/panelA.R	454	4b31e3e8d4cbaed2bcbe682828ec6af74514ac52f72e80fa284b8706d7c5e503
scripts/06_figures/SFigure/SFigure7/A/README.md	339	13b9c302889cf92277b0228d638a34c8dc9acc2dad6d72f4f9b0160eb33fa372
scripts/06_figures/SFigure/SFigure7/B/panelB.R	454	e1b3f13fab94d02814047026e9eda7c7c07b9274df7e81654fdb8bc52d8c23eb
scripts/06_figures/SFigure/SFigure7/B/README.md	339	5b5f16e11579f036b9a7fd55e4ba97d251feb25e63c501ec158e2a6e233d1700
scripts/06_figures/SFigure/SFigure7/C/panelC.R	454	d21f257e081766193520d116a9af45d7593998076fd4ca7053415d5f3b511d80
scripts/06_figures/SFigure/SFigure7/C/README.md	339	c8e0e935687acfceaf8d052ea36b1e1d1f9050044f29a0e9136882e8e42806a8
scripts/06_figures/SFigure/SFigure7/D/panelD.R	454	7c74cd63d1ce99c425b177ebd8d6b5ec2b6f3014b4e170b9ce1e46c8b78ae32b
scripts/06_figures/SFigure/SFigure7/D/README.md	339	dcbad8f8aed6809107763f6eb429255a82b95bf5740a2ae1888483cf2b5ed2a2
scripts/06_figures/SFigure/SFigure8/A/panelA.R	454	2143c10004ca0d977675dec8438853b64376415bf994028513dd706c65e57f49
scripts/06_figures/SFigure/SFigure8/A/README.md	339	0890102771057b1e914c3f7815787b4b912821d9699cddbfb391484ef06f7db3
scripts/06_figures/SFigure/SFigure8/B/panelB.R	454	4af2b2668fc8c61e195f5096b24b4167610f30f0c69a0507a0b63943c9a3ee7e
scripts/06_figures/SFigure/SFigure8/B/README.md	339	3fffe6b51c516a1c8016ba0c40ddb97148cddd69137d78c96cf8a926f6ffc2d6
scripts/06_figures/SFigure/SFigure8/C/panelC.R	454	8260f3d6aef7464d5adca7457a102d707b6d774fe1446b4bc995ce8c85c6101d
scripts/06_figures/SFigure/SFigure8/C/README.md	339	852f91fc9bfae247743cfb196058e8ba8f3efbc657ea96b978266a549798728d
scripts/06_figures/SFigure/SFigure8/D/panelD.R	454	05df69c4f026c2b0cdf94b6470ae7194ceef1f87ea93a5d27a3fb888d39bd395
scripts/06_figures/SFigure/SFigure8/D/README.md	339	ee62094a586895a276770501b2aea38d45dfc16faf12331ac059595111c21109
scripts/06_figures/SFigure/SFigure8/E/panelE.R	454	cf4c1b5a38f79a30a12a5c0033ada7a2b59aa5f18f0aec97b482fd92156ec0c9
scripts/06_figures/SFigure/SFigure8/E/README.md	339	db80db79dd1349ee932d279d307b0e75e2f7a42d1438f58ddccfa5ca3df9612b
scripts/06_figures/SFigure/SFigure9/A/panelA.R	454	78edd1b8038e6b921c3f8f4757ff4397e00f4877553bb0d1cf274075838e044e
scripts/06_figures/SFigure/SFigure9/A/README.md	339	50b0fef10d72fbfde1074f5785cc2c3d4db2175e216b9e866e1fe08bbf9c928d
scripts/06_figures/SFigure/SFigure9/B/panelB.R	454	7861675e6ec6a2224b357b6e0021e78f20d382a1771d169ff8851aea16789ffe
scripts/06_figures/SFigure/SFigure9/B/README.md	339	b93ed74a3bb43aaf9c3052fae5b5b55524999f152e9a7a226f081c21864d9b92
scripts/06_figures/SFigure/SFigure9/C/panelC.R	454	3d83d27677ef5fae3489b4d22d7479bfd429bf20eb8e325d79e03f6dfbd45e27
scripts/06_figures/SFigure/SFigure9/C/README.md	339	b942e90f16863a724e9d069a9a5034205a46c31fa67ef809b54d831d473b63d7
scripts/06_figures/SFigure/SFigure9/D/panelD.R	454	d9b125601b20ba83a5cd4c368db9e41c2358856caa4a36b70284c5685412e291
scripts/06_figures/SFigure/SFigure9/D/README.md	339	1dec06f25ac0d006c257cb559aa8510dbf1ba9d7af983c7b9413aa9cb3730241
scripts/07_tables/code/bundle_figure_tables.py	1870	c6b87e344f5942734a093fef0e30d78a26fa1f16aa312b4cbbe0cbe7f460352b
scripts/07_tables/code/collect_source_data.py	4114	3916b7b978aad1fea01f6154448c0f7262441c62e664dd24342b25fdac2af5f4
scripts/07_tables/code/perturbation_unit_manifest.py	5206	d4916a9ed45be0f44ddab0e04cd8d359ef5c7038b12cc5412cade132a6df87f1
scripts/07_tables/README.md	322	842dc7fc29c10a86e732770e8c0452184b661c54f31aa32eae0ebc810d42d19d
scripts/07_tables/rebuild_2026/code/verify_delivery_manifest.py	944	a73cb1378f179d1dcc8bffcf198d4f605219eefe29da3f4a96aa0f1ac015e948
scripts/analysis_code_index.tsv	54669	c525d87641627e2b6e1a18276b071b88e73b7712bc524a0d98e3e518ce77229e
src/figure_engine/editorial_rebuild_figures.py	32491	3034a493fbf2bce981b12a4040666690dc7e8288c3cd02a2cd5ba214cbb1f4bd
src/figure_engine/editorial_rebuild_supplement.py	23823	c8db04398ae5b0b1b4eb5dad2c6347af7a2c62beabc8a4634ec09323db8fdfdc
src/figure_engine/editorial_upgrade_1.py	10779	26855fd531d80db14fde300e17598ccf2d681af17f720aba86ee905e8a1ad4be
src/figure_engine/editorial_upgrade_10.py	8022	4072c3491a66a5acae7bd0da268765377014f7c38c5031c7cac459063cc6530b
src/figure_engine/editorial_upgrade_347.py	27523	1bc35b818c2e138150187c821c64d1d2a15b8fb2dfc80b7a9379bbae55bf963a
src/figure_engine/editorial_upgrade_5.py	8792	f15d8ec6654104162f90b8487855fd5a490efcb396f14851c7255dacf8f92590
src/figure_engine/editorial_upgrade_supplement.py	10227	620add7a7e0b774dc34627cdfdd80b17fbce9b09d0c018dc113d67ec52174851
src/figure_engine/editorial_upgrade_supplement_rest.py	21767	7ffab736c3213aa60093e4ffbd881e6e97c91ec5be1d615b1868abdb6f3f04b4
src/figure_engine/figure1.py	5380	053970b2ace3bd7904a119e1a2dbd87f30d031d2436c491aa04f532e88ce070b
src/figure_engine/figure2.py	2996	d65e673d936bddb31994112fd2fc889fa87edb96a3c6ae68c8790fe8ae39fe62
src/figure_engine/figure3.py	5189	096ad0027722f4a41b303c51bf6248475723a226ee9476af71522a0bbeb6e965
src/figure_engine/figure4.py	3431	e2ce2aaef893d3fd88c33f6a38059fc31b24f0fbd146e0547416bfc1c0078ddb
src/figure_engine/figure5.py	3205	b72920403d5e08e309a5d7f6ceb4aa024bc5ac818ebd3de4e0c7e9d9a8739c43
src/figure_engine/figure6.py	2223	027a21054f2ec64533fd7fe879f40515801ad20a629e6bd2f1d9b4ad5f0b75e9
src/figure_engine/figure7.py	5384	226f2108ea72eb8f8030eb504e9fc98934be56279242aa77fd5314efe4d385c1
src/figure_engine/final_visual_style_lock.py	3962	d8fe9ecb14aae04d7129e533ceb8d53cf4fcbf83a1bc73818fe2a5bbae83a9dd
src/figure_engine/locked_supplement6.py	4987	3be580be4535da61ab15119357f389c5729f560eb7362a285299d4cb9cd500f9
src/figure_engine/plot_common.py	3436	3783c431e9985a169530c153375f3df36c735477fcad9bad48c4a2abf0b47715
src/figure_engine/rebuild_figure3_fixed_layout.py	13551	943f4465a17350b877405c67bde6a9540c21c2211436401cab68fcbd96d2d3f0
src/figure_engine/render_figure.py	14684	720a5fc3fe1557466953509c5124804cd7eb3a571c49514d0d9671394674b301
src/figure_engine/supplement11.py	2013	7cdbcd4b4ccd22154fef1441fecbb884ce5959127482c1c291f4a1a355905a6e
src/figure_engine/supplement12.py	2886	f3e486ffaf2897db277063a5256c33b6373635d334d915e2aaa44214d77a7f55
src/figure_engine/supplement13.py	2273	d691d89613bdbd390253c40599d3560b1ce393d954ba03b12e79d1fb10934267
src/render.R	908	b8dadaff79899e99332ef51067431d4bc6ecb17afd2c97b7e7cd236243521aba
tests/README.md	427	1547fda261a3f4120a4ec8e5faed5728dccd71e1488d9e22b8e727b7cbb32666
