pathway	NGenes	Direction	PValue	FDR
HALLMARK_INTERFERON_GAMMA_RESPONSE	192	Up	5.04019217225923e-05	0.00252009608612962
HALLMARK_IL6_JAK_STAT3_SIGNALING	80	Up	0.000112058284236514	0.00280145710591285
HALLMARK_HEME_METABOLISM	189	Up	0.000539442959350184	0.00899071598916973
HALLMARK_ALLOGRAFT_REJECTION	184	Up	0.00107381759739269	0.011106482809736
HALLMARK_INTERFERON_ALPHA_RESPONSE	93	Up	0.0011106482809736	0.011106482809736
HALLMARK_OXIDATIVE_PHOSPHORYLATION	200	Up	0.00287787355989625	0.0239822796658021
HALLMARK_ADIPOGENESIS	188	Up	0.00705213648931512	0.050372403495108
HALLMARK_INFLAMMATORY_RESPONSE	174	Up	0.00983805061286425	0.0614878163304015
HALLMARK_IL2_STAT5_SIGNALING	190	Up	0.0201530121106885	0.111961178392714
HALLMARK_FATTY_ACID_METABOLISM	140	Up	0.035531020162698	0.173648635123527
HALLMARK_HYPOXIA	181	Up	0.038202699727176	0.173648635123527
HALLMARK_KRAS_SIGNALING_UP	166	Up	0.0433904195383824	0.18079341474326
HALLMARK_PROTEIN_SECRETION	93	Up	0.0489552562905869	0.188289447271488
HALLMARK_PANCREAS_BETA_CELLS	16	Up	0.0543998823326525	0.194285294045188
HALLMARK_WNT_BETA_CATENIN_SIGNALING	38	Down	0.0644038096519526	0.214679365506509
HALLMARK_TNFA_SIGNALING_VIA_NFKB	192	Up	0.0702738746144091	0.219605858170029
HALLMARK_CHOLESTEROL_HOMEOSTASIS	69	Down	0.0861346255372185	0.253337133932996
HALLMARK_APOPTOSIS	157	Up	0.128546652904613	0.357074035846148
HALLMARK_XENOBIOTIC_METABOLISM	165	Up	0.199597652153215	0.525256979350565
HALLMARK_MYC_TARGETS_V1	194	Up	0.223491519154206	0.539634360420782
HALLMARK_G2M_CHECKPOINT	191	Down	0.230738345270834	0.539634360420782
HALLMARK_PEROXISOME	94	Up	0.238296580490395	0.539634360420782
HALLMARK_COMPLEMENT	181	Up	0.24823180579356	0.539634360420782
HALLMARK_UNFOLDED_PROTEIN_RESPONSE	106	Up	0.289861332993875	0.590872604865608
HALLMARK_P53_PATHWAY	187	Up	0.295436302432804	0.590872604865608
HALLMARK_DNA_REPAIR	147	Up	0.352607149829387	0.627615006425466
HALLMARK_ESTROGEN_RESPONSE_LATE	161	Up	0.353895546824235	0.627615006425466
HALLMARK_GLYCOLYSIS	180	Up	0.363848743673766	0.627615006425466
HALLMARK_HEDGEHOG_SIGNALING	33	Down	0.36401670372677	0.627615006425466
HALLMARK_MYOGENESIS	152	Down	0.428516695879281	0.677453616121298
HALLMARK_APICAL_SURFACE	36	Down	0.429698198754677	0.677453616121298
HALLMARK_UV_RESPONSE_DN	137	Up	0.440501889917323	0.677453616121298
HALLMARK_COAGULATION	108	Up	0.465014626890817	0.677453616121298
HALLMARK_SPERMATOGENESIS	94	Down	0.466411767400796	0.677453616121298
HALLMARK_BILE_ACID_METABOLISM	92	Up	0.494744410275051	0.677453616121298
HALLMARK_MYC_TARGETS_V2	57	Down	0.511232439371934	0.677453616121298
HALLMARK_MTORC1_SIGNALING	195	Up	0.512477063327848	0.677453616121298
HALLMARK_REACTIVE_OXYGEN_SPECIES_PATHWAY	49	Up	0.514864748252186	0.677453616121298
HALLMARK_ANDROGEN_RESPONSE	93	Up	0.538701356918232	0.681239084961589
HALLMARK_ANGIOGENESIS	29	Up	0.555972100265443	0.681239084961589
HALLMARK_E2F_TARGETS	198	Down	0.558616049668503	0.681239084961589
HALLMARK_TGF_BETA_SIGNALING	54	Down	0.592623542014635	0.705504216684089
HALLMARK_NOTCH_SIGNALING	31	Down	0.648337579807812	0.75388090675327
HALLMARK_UV_RESPONSE_UP	148	Up	0.675925781246083	0.76809747868873
HALLMARK_KRAS_SIGNALING_DN	127	Down	0.711252247558404	0.790280275064893
HALLMARK_PI3K_AKT_MTOR_SIGNALING	99	Up	0.765734300596584	0.832319891952809
HALLMARK_ESTROGEN_RESPONSE_EARLY	167	Up	0.890641043108935	0.947490471392484
HALLMARK_APICAL_JUNCTION	175	Up	0.921690991437354	0.960094782747243
HALLMARK_MITOTIC_SPINDLE	196	Down	0.953714104279122	0.973177657427676
HALLMARK_EPITHELIAL_MESENCHYMAL_TRANSITION	175	Up	0.993450306014098	0.993450306014098
