spline_df	subtype	n	median_residual	matched_BCL11B_minus_ETP_mean	developmental_r2	subtype_incremental_r2
2	BCL11B	18	-1.78092414244925	-1.92105292842158	0.255532910249362	0.139365982405461
2	ETP-like	235	-0.240805789410693	-1.92105292842158	0.255532910249362	0.139365982405461
2	TLX3	212	0.629984400760899	-1.92105292842158	0.255532910249362	0.139365982405461
3	BCL11B	18	-1.76050535718213	-1.92077896637896	0.255563035926495	0.139359271082174
3	ETP-like	235	-0.234648438944318	-1.92077896637896	0.255563035926495	0.139359271082174
3	TLX3	212	0.635290286757794	-1.92077896637896	0.255563035926495	0.139359271082174
4	BCL11B	18	-1.79161973953642	-1.92150437592227	0.25574058062415	0.139194301196534
4	ETP-like	235	-0.24090812858013	-1.92150437592227	0.25574058062415	0.139194301196534
4	TLX3	212	0.63564070453889	-1.92150437592227	0.25574058062415	0.139194301196534
